{"type":"FeatureCollection","features":[{"type":"Feature","geometry":{"type":"Point","coordinates":[-69.09774232956161,-16.145659447376026]},"id":"0","properties":{"class":1,"class_name":"water","latitude":-16.145659447376026,"longitude":-69.09774232956161,"polygon_id":"poly_1790854036897","sample_id":"sample_0","source":"polygon_grid"}},{"type":"Feature","geometry":{"type":"Point","coordinates":[-69.0968069975342,-16.145659874080813]},"id":"1","properties":{"class":1,"class_name":"water","latitude":-16.145659874080813,"longitude":-69.0968069975342,"polygon_id":"poly_1790854036897","sample_id":"sample_1","source":"polygon_grid"}},{"type":"Feature","geometry":{"type":"Point","coordinates":[-69.09587166435274,-16.14566029694202]},"id":"2","properties":{"class":1,"class_name":"water","latitude":-16.14566029694202,"longitude":-69.09587166435274,"polygon_id":"poly_1790854036897","sample_id":"sample_2","source":"polygon_grid"}},{"type":"Feature","geometry":{"type":"Point","coordinates":[-69.0949363330696,-16.145660715427038]},"id":"3","properties":{"class":1,"class_name":"water","latitude":-16.145660715427038,"longitude":-69.0949363330696,"polygon_id":"poly_1790854036897","sample_id":"sample_3","source":"polygon_grid"}},{"type":"Feature","geometry":{"type":"Point","coordinates":[-69.09400099999206,-16.145661129797606]},"id":"4","properties":{"class":1,"class_name":"water","latitude":-16.145661129797606,"longitude":-69.09400099999206,"polygon_id":"poly_1790854036897","sample_id":"sample_4","source":"polygon_grid"}},{"type":"Feature","geometry":{"type":"Point","coordinates":[-69.09306566761538,-16.145661540344957]},"id":"5","properties":{"class":1,"class_name":"water","latitude":-16.145661540344957,"longitude":-69.09306566761538,"polygon_id":"poly_1790854036897","sample_id":"sample_5","source":"polygon_grid"}},{"type":"Feature","geometry":{"type":"Point","coordinates":[-69.09774188561097,-16.144755419873515]},"id":"6","properties":{"class":1,"class_name":"water","latitude":-16.144755419873515,"longitude":-69.09774188561097,"polygon_id":"poly_1790854036897","sample_id":"sample_6","source":"polygon_grid"}},{"type":"Feature","geometry":{"type":"Point","coordinates":[-69.09680655795663,-16.144755846382676]},"id":"7","properties":{"class":1,"class_name":"water","latitude":-16.144755846382676,"longitude":-69.09680655795663,"polygon_id":"poly_1790854036897","sample_id":"sample_7","source":"polygon_grid"}},{"type":"Feature","geometry":{"type":"Point","coordinates":[-69.09587122957365,-16.144756269177783]},"id":"8","properties":{"class":1,"class_name":"water","latitude":-16.144756269177783,"longitude":-69.09587122957365,"polygon_id":"poly_1790854036897","sample_id":"sample_8","source":"polygon_grid"}},{"type":"Feature","geometry":{"type":"Point","coordinates":[-69.09493590162855,-16.144756687801415]},"id":"9","properties":{"class":1,"class_name":"water","latitude":-16.144756687801415,"longitude":-69.09493590162855,"polygon_id":"poly_1790854036897","sample_id":"sample_9","source":"polygon_grid"}},{"type":"Feature","geometry":{"type":"Point","coordinates":[-69.09400057332519,-16.144757101970693]},"id":"10","properties":{"class":1,"class_name":"water","latitude":-16.144757101970693,"longitude":-69.09400057332519,"polygon_id":"poly_1790854036897","sample_id":"sample_10","source":"polygon_grid"}},{"type":"Feature","geometry":{"type":"Point","coordinates":[-69.0930652454046,-16.144757512460295]},"id":"11","properties":{"class":1,"class_name":"water","latitude":-16.144757512460295,"longitude":-69.0930652454046,"polygon_id":"poly_1790854036897","sample_id":"sample_11","source":"polygon_grid"}},{"type":"Feature","geometry":{"type":"Point","coordinates":[-69.09774144189576,-16.14385139189564]},"id":"12","properties":{"class":1,"class_name":"water","latitude":-16.14385139189564,"longitude":-69.09774144189576,"polygon_id":"poly_1790854036897","sample_id":"sample_12","source":"polygon_grid"}},{"type":"Feature","geometry":{"type":"Point","coordinates":[-69.09680611837285,-16.14385181871543]},"id":"13","properties":{"class":1,"class_name":"water","latitude":-16.14385181871543,"longitude":-69.09680611837285,"polygon_id":"poly_1790854036897","sample_id":"sample_13","source":"polygon_grid"}},{"type":"Feature","geometry":{"type":"Point","coordinates":[-69.09587079464161,-16.143852241321316]},"id":"14","properties":{"class":1,"class_name":"water","latitude":-16.143852241321316,"longitude":-69.09587079464161,"polygon_id":"poly_1790854036897","sample_id":"sample_14","source":"polygon_grid"}},{"type":"Feature","geometry":{"type":"Point","coordinates":[-69.09493547051096,-16.1438526598679]},"id":"15","properties":{"class":1,"class_name":"water","latitude":-16.1438526598679,"longitude":-69.09493547051096,"polygon_id":"poly_1790854036897","sample_id":"sample_15","source":"polygon_grid"}},{"type":"Feature","geometry":{"type":"Point","coordinates":[-69.09400014662681,-16.143853074415816]},"id":"16","properties":{"class":1,"class_name":"water","latitude":-16.143853074415816,"longitude":-69.09400014662681,"polygon_id":"poly_1790854036897","sample_id":"sample_16","source":"polygon_grid"}},{"type":"Feature","geometry":{"type":"Point","coordinates":[-69.09306482313579,-16.14385348477732]},"id":"17","properties":{"class":1,"class_name":"water","latitude":-16.14385348477732,"longitude":-69.09306482313579,"polygon_id":"poly_1790854036897","sample_id":"sample_17","source":"polygon_grid"}},{"type":"Feature","geometry":{"type":"Point","coordinates":[-69.0968056791173,-16.14294779086543]},"id":"18","properties":{"class":1,"class_name":"water","latitude":-16.14294779086543,"longitude":-69.0968056791173,"polygon_id":"poly_1790854036897","sample_id":"sample_18","source":"polygon_grid"}},{"type":"Feature","geometry":{"type":"Point","coordinates":[-69.09587035945307,-16.14294821362593]},"id":"19","properties":{"class":1,"class_name":"water","latitude":-16.14294821362593,"longitude":-69.09587035945307,"polygon_id":"poly_1790854036897","sample_id":"sample_19","source":"polygon_grid"}},{"type":"Feature","geometry":{"type":"Point","coordinates":[-69.0949350397775,-16.142948632269256]},"id":"20","properties":{"class":1,"class_name":"water","latitude":-16.142948632269256,"longitude":-69.0949350397775,"polygon_id":"poly_1790854036897","sample_id":"sample_20","source":"polygon_grid"}},{"type":"Feature","geometry":{"type":"Point","coordinates":[-69.09399971983999,-16.14294904661984]},"id":"21","properties":{"class":1,"class_name":"water","latitude":-16.14294904661984,"longitude":-69.09399971983999,"polygon_id":"poly_1790854036897","sample_id":"sample_21","source":"polygon_grid"}},{"type":"Feature","geometry":{"type":"Point","coordinates":[-69.0930644006414,-16.14294945670987]},"id":"22","properties":{"class":1,"class_name":"water","latitude":-16.14294945670987,"longitude":-69.0930644006414,"polygon_id":"poly_1790854036897","sample_id":"sample_22","source":"polygon_grid"}},{"type":"Feature","geometry":{"type":"Point","coordinates":[-69.09680523976792,-16.142043763372957]},"id":"23","properties":{"class":1,"class_name":"water","latitude":-16.142043763372957,"longitude":-69.09680523976792,"polygon_id":"poly_1790854036897","sample_id":"sample_23","source":"polygon_grid"}},{"type":"Feature","geometry":{"type":"Point","coordinates":[-69.0958699241477,-16.142044185674884]},"id":"24","properties":{"class":1,"class_name":"water","latitude":-16.142044185674884,"longitude":-69.0958699241477,"polygon_id":"poly_1790854036897","sample_id":"sample_24","source":"polygon_grid"}},{"type":"Feature","geometry":{"type":"Point","coordinates":[-69.09493460910204,-16.14204460406348]},"id":"25","properties":{"class":1,"class_name":"water","latitude":-16.14204460406348,"longitude":-69.09493460910204,"polygon_id":"poly_1790854036897","sample_id":"sample_25","source":"polygon_grid"}},{"type":"Feature","geometry":{"type":"Point","coordinates":[-69.09399929322426,-16.14204501872969]},"id":"26","properties":{"class":1,"class_name":"water","latitude":-16.14204501872969,"longitude":-69.09399929322426,"polygon_id":"poly_1790854036897","sample_id":"sample_26","source":"polygon_grid"}},{"type":"Feature","geometry":{"type":"Point","coordinates":[-69.09306397798596,-16.14204542900075]},"id":"27","properties":{"class":1,"class_name":"water","latitude":-16.14204542900075,"longitude":-69.09306397798596,"polygon_id":"poly_1790854036897","sample_id":"sample_27","source":"polygon_grid"}},{"type":"Feature","geometry":{"type":"Point","coordinates":[-69.09680480037062,-16.141139735000795]},"id":"28","properties":{"class":1,"class_name":"water","latitude":-16.141139735000795,"longitude":-69.09680480037062,"polygon_id":"poly_1790854036897","sample_id":"sample_28","source":"polygon_grid"}},{"type":"Feature","geometry":{"type":"Point","coordinates":[-69.09586948887718,-16.141140157646372]},"id":"29","properties":{"class":1,"class_name":"water","latitude":-16.141140157646372,"longitude":-69.09586948887718,"polygon_id":"poly_1790854036897","sample_id":"sample_29","source":"polygon_grid"}},{"type":"Feature","geometry":{"type":"Point","coordinates":[-69.09493417834199,-16.141140576139826]},"id":"30","properties":{"class":1,"class_name":"water","latitude":-16.141140576139826,"longitude":-69.09493417834199,"polygon_id":"poly_1790854036897","sample_id":"sample_30","source":"polygon_grid"}},{"type":"Feature","geometry":{"type":"Point","coordinates":[-69.09399886679725,-16.141140990488882]},"id":"31","properties":{"class":1,"class_name":"water","latitude":-16.141140990488882,"longitude":-69.09399886679725,"polygon_id":"poly_1790854036897","sample_id":"sample_31","source":"polygon_grid"}},{"type":"Feature","geometry":{"type":"Point","coordinates":[-69.09306355554943,-16.141141400868644]},"id":"32","properties":{"class":1,"class_name":"water","latitude":-16.141141400868644,"longitude":-69.09306355554943,"polygon_id":"poly_1790854036897","sample_id":"sample_32","source":"polygon_grid"}},{"type":"Feature","geometry":{"type":"Point","coordinates":[-69.09680436095347,-16.140235706773435]},"id":"33","properties":{"class":1,"class_name":"water","latitude":-16.140235706773435,"longitude":-69.09680436095347,"polygon_id":"poly_1790854036897","sample_id":"sample_33","source":"polygon_grid"}},{"type":"Feature","geometry":{"type":"Point","coordinates":[-69.09586905410619,-16.140236129430246]},"id":"34","properties":{"class":1,"class_name":"water","latitude":-16.140236129430246,"longitude":-69.09586905410619,"polygon_id":"poly_1790854036897","sample_id":"sample_34","source":"polygon_grid"}},{"type":"Feature","geometry":{"type":"Point","coordinates":[-69.09493374728366,-16.140236547909264]},"id":"35","properties":{"class":1,"class_name":"water","latitude":-16.140236547909264,"longitude":-69.09493374728366,"polygon_id":"poly_1790854036897","sample_id":"sample_35","source":"polygon_grid"}},{"type":"Feature","geometry":{"type":"Point","coordinates":[-69.0939984403973,-16.140236962215447]},"id":"36","properties":{"class":1,"class_name":"water","latitude":-16.140236962215447,"longitude":-69.0939984403973,"polygon_id":"poly_1790854036897","sample_id":"sample_36","source":"polygon_grid"}},{"type":"Feature","geometry":{"type":"Point","coordinates":[-69.08465190274683,-16.155609352030172]},"id":"37","properties":{"class":1,"class_name":"water","latitude":-16.155609352030172,"longitude":-69.08465190274683,"polygon_id":"poly_1790854043819","sample_id":"sample_37","source":"polygon_grid"}},{"type":"Feature","geometry":{"type":"Point","coordinates":[-69.0846515183682,-16.15470532480842]},"id":"38","properties":{"class":1,"class_name":"water","latitude":-16.15470532480842,"longitude":-69.0846515183682,"polygon_id":"poly_1790854043819","sample_id":"sample_38","source":"polygon_grid"}},{"type":"Feature","geometry":{"type":"Point","coordinates":[-69.08371614293206,-16.15470569445091]},"id":"39","properties":{"class":1,"class_name":"water","latitude":-16.15470569445091,"longitude":-69.08371614293206,"polygon_id":"poly_1790854043819","sample_id":"sample_39","source":"polygon_grid"}},{"type":"Feature","geometry":{"type":"Point","coordinates":[-69.08465113420951,-16.15380129718711]},"id":"40","properties":{"class":1,"class_name":"water","latitude":-16.15380129718711,"longitude":-69.08465113420951,"polygon_id":"poly_1790854043819","sample_id":"sample_40","source":"polygon_grid"}},{"type":"Feature","geometry":{"type":"Point","coordinates":[-69.08371576292436,-16.15380166720992]},"id":"41","properties":{"class":1,"class_name":"water","latitude":-16.15380166720992,"longitude":-69.08371576292436,"polygon_id":"poly_1790854043819","sample_id":"sample_41","source":"polygon_grid"}},{"type":"Feature","geometry":{"type":"Point","coordinates":[-69.08278039215509,-16.153802032873283]},"id":"42","properties":{"class":1,"class_name":"water","latitude":-16.153802032873283,"longitude":-69.08278039215509,"polygon_id":"poly_1790854043819","sample_id":"sample_42","source":"polygon_grid"}},{"type":"Feature","geometry":{"type":"Point","coordinates":[-69.08465074973348,-16.152897270585235]},"id":"43","properties":{"class":1,"class_name":"water","latitude":-16.152897270585235,"longitude":-69.08465074973348,"polygon_id":"poly_1790854043819","sample_id":"sample_43","source":"polygon_grid"}},{"type":"Feature","geometry":{"type":"Point","coordinates":[-69.08371538290325,-16.15289763982161]},"id":"44","properties":{"class":1,"class_name":"water","latitude":-16.15289763982161,"longitude":-69.08371538290325,"polygon_id":"poly_1790854043819","sample_id":"sample_44","source":"polygon_grid"}},{"type":"Feature","geometry":{"type":"Point","coordinates":[-69.08278001600173,-16.152898005039816]},"id":"45","properties":{"class":1,"class_name":"water","latitude":-16.152898005039816,"longitude":-69.08278001600173,"polygon_id":"poly_1790854043819","sample_id":"sample_45","source":"polygon_grid"}},{"type":"Feature","geometry":{"type":"Point","coordinates":[-69.08184464915401,-16.152898366343095]},"id":"46","properties":{"class":1,"class_name":"water","latitude":-16.152898366343095,"longitude":-69.08184464915401,"polygon_id":"poly_1790854043819","sample_id":"sample_46","source":"polygon_grid"}},{"type":"Feature","geometry":{"type":"Point","coordinates":[-69.084650365072,-16.151993242865114]},"id":"47","properties":{"class":1,"class_name":"water","latitude":-16.151993242865114,"longitude":-69.084650365072,"polygon_id":"poly_1790854043819","sample_id":"sample_47","source":"polygon_grid"}},{"type":"Feature","geometry":{"type":"Point","coordinates":[-69.08371500253283,-16.15199361228782]},"id":"48","properties":{"class":1,"class_name":"water","latitude":-16.15199361228782,"longitude":-69.08371500253283,"polygon_id":"poly_1790854043819","sample_id":"sample_48","source":"polygon_grid"}},{"type":"Feature","geometry":{"type":"Point","coordinates":[-69.08277964019162,-16.15199397785623]},"id":"49","properties":{"class":1,"class_name":"water","latitude":-16.15199397785623,"longitude":-69.08277964019162,"polygon_id":"poly_1790854043819","sample_id":"sample_49","source":"polygon_grid"}},{"type":"Feature","geometry":{"type":"Point","coordinates":[-69.08184427739882,-16.15199433924188]},"id":"50","properties":{"class":1,"class_name":"water","latitude":-16.15199433924188,"longitude":-69.08184427739882,"polygon_id":"poly_1790854043819","sample_id":"sample_50","source":"polygon_grid"}},{"type":"Feature","geometry":{"type":"Point","coordinates":[-69.08464998042555,-16.1510892154384]},"id":"51","properties":{"class":1,"class_name":"water","latitude":-16.1510892154384,"longitude":-69.08464998042555,"polygon_id":"poly_1790854043819","sample_id":"sample_51","source":"polygon_grid"}},{"type":"Feature","geometry":{"type":"Point","coordinates":[-69.08371462232691,-16.15108958475593]},"id":"52","properties":{"class":1,"class_name":"water","latitude":-16.15108958475593,"longitude":-69.08371462232691,"polygon_id":"poly_1790854043819","sample_id":"sample_52","source":"polygon_grid"}},{"type":"Feature","geometry":{"type":"Point","coordinates":[-69.08277926450658,-16.151089950161516]},"id":"53","properties":{"class":1,"class_name":"water","latitude":-16.151089950161516,"longitude":-69.08277926450658,"polygon_id":"poly_1790854043819","sample_id":"sample_53","source":"polygon_grid"}},{"type":"Feature","geometry":{"type":"Point","coordinates":[-69.08184390564307,-16.151090311496322]},"id":"54","properties":{"class":1,"class_name":"water","latitude":-16.151090311496322,"longitude":-69.08184390564307,"polygon_id":"poly_1790854043819","sample_id":"sample_54","source":"polygon_grid"}},{"type":"Feature","geometry":{"type":"Point","coordinates":[-69.08090854760707,-16.151090668692497]},"id":"55","properties":{"class":1,"class_name":"water","latitude":-16.151090668692497,"longitude":-69.08090854760707,"polygon_id":"poly_1790854043819","sample_id":"sample_55","source":"polygon_grid"}},{"type":"Feature","geometry":{"type":"Point","coordinates":[-69.08371424182012,-16.150185557524207]},"id":"56","properties":{"class":1,"class_name":"water","latitude":-16.150185557524207,"longitude":-69.08371424182012,"polygon_id":"poly_1790854043819","sample_id":"sample_56","source":"polygon_grid"}},{"type":"Feature","geometry":{"type":"Point","coordinates":[-69.08277888870481,-16.150185922604503]},"id":"57","properties":{"class":1,"class_name":"water","latitude":-16.150185922604503,"longitude":-69.08277888870481,"polygon_id":"poly_1790854043819","sample_id":"sample_57","source":"polygon_grid"}},{"type":"Feature","geometry":{"type":"Point","coordinates":[-69.08184353401947,-16.150186283916863]},"id":"58","properties":{"class":1,"class_name":"water","latitude":-16.150186283916863,"longitude":-69.08184353401947,"polygon_id":"poly_1790854043819","sample_id":"sample_58","source":"polygon_grid"}},{"type":"Feature","geometry":{"type":"Point","coordinates":[-69.08090818036483,-16.150186641218312]},"id":"59","properties":{"class":1,"class_name":"water","latitude":-16.150186641218312,"longitude":-69.08090818036483,"polygon_id":"poly_1790854043819","sample_id":"sample_59","source":"polygon_grid"}},{"type":"Feature","geometry":{"type":"Point","coordinates":[-69.07997282604722,-16.150186994146253]},"id":"60","properties":{"class":1,"class_name":"water","latitude":-16.150186994146253,"longitude":-69.07997282604722,"polygon_id":"poly_1790854043819","sample_id":"sample_60","source":"polygon_grid"}},{"type":"Feature","geometry":{"type":"Point","coordinates":[-69.0818431627416,-16.149282256617845]},"id":"61","properties":{"class":1,"class_name":"water","latitude":-16.149282256617845,"longitude":-69.0818431627416,"polygon_id":"poly_1790854043819","sample_id":"sample_61","source":"polygon_grid"}},{"type":"Feature","geometry":{"type":"Point","coordinates":[-69.08090781256178,-16.149282613521887]},"id":"62","properties":{"class":1,"class_name":"water","latitude":-16.149282613521887,"longitude":-69.08090781256178,"polygon_id":"poly_1790854043819","sample_id":"sample_62","source":"polygon_grid"}},{"type":"Feature","geometry":{"type":"Point","coordinates":[-69.07997246314345,-16.14928296647476]},"id":"63","properties":{"class":1,"class_name":"water","latitude":-16.14928296647476,"longitude":-69.07997246314345,"polygon_id":"poly_1790854043819","sample_id":"sample_63","source":"polygon_grid"}},{"type":"Feature","geometry":{"type":"Point","coordinates":[-69.10337029226206,-16.176393689553237]},"id":"64","properties":{"class":1,"class_name":"water","latitude":-16.176393689553237,"longitude":-69.10337029226206,"polygon_id":"poly_1790854051226","sample_id":"sample_64","source":"polygon_grid"}},{"type":"Feature","geometry":{"type":"Point","coordinates":[-69.1024348161048,-16.17639414209243]},"id":"65","properties":{"class":1,"class_name":"water","latitude":-16.17639414209243,"longitude":-69.1024348161048,"polygon_id":"poly_1790854051226","sample_id":"sample_65","source":"polygon_grid"}},{"type":"Feature","geometry":{"type":"Point","coordinates":[-69.10336982215323,-16.17548966469577]},"id":"66","properties":{"class":1,"class_name":"water","latitude":-16.17548966469577,"longitude":-69.10336982215323,"polygon_id":"poly_1790854051226","sample_id":"sample_66","source":"polygon_grid"}},{"type":"Feature","geometry":{"type":"Point","coordinates":[-69.10243435016692,-16.17549011685685]},"id":"67","properties":{"class":1,"class_name":"water","latitude":-16.17549011685685,"longitude":-69.10243435016692,"polygon_id":"poly_1790854051226","sample_id":"sample_67","source":"polygon_grid"}},{"type":"Feature","geometry":{"type":"Point","coordinates":[-69.1014988771161,-16.175490564938162]},"id":"68","properties":{"class":1,"class_name":"water","latitude":-16.175490564938162,"longitude":-69.1014988771161,"polygon_id":"poly_1790854051226","sample_id":"sample_68","source":"polygon_grid"}},{"type":"Feature","geometry":{"type":"Point","coordinates":[-69.10336935210717,-16.174585639758266]},"id":"69","properties":{"class":1,"class_name":"water","latitude":-16.174585639758266,"longitude":-69.10336935210717,"polygon_id":"poly_1790854051226","sample_id":"sample_69","source":"polygon_grid"}},{"type":"Feature","geometry":{"type":"Point","coordinates":[-69.10243388421254,-16.174586092231458]},"id":"70","properties":{"class":1,"class_name":"water","latitude":-16.174586092231458,"longitude":-69.10243388421254,"polygon_id":"poly_1790854051226","sample_id":"sample_70","source":"polygon_grid"}},{"type":"Feature","geometry":{"type":"Point","coordinates":[-69.10149841534509,-16.17458654033787]},"id":"71","properties":{"class":1,"class_name":"water","latitude":-16.17458654033787,"longitude":-69.10149841534509,"polygon_id":"poly_1790854051226","sample_id":"sample_71","source":"polygon_grid"}},{"type":"Feature","geometry":{"type":"Point","coordinates":[-69.10056294748809,-16.17458698450688]},"id":"72","properties":{"class":1,"class_name":"water","latitude":-16.17458698450688,"longitude":-69.10056294748809,"polygon_id":"poly_1790854051226","sample_id":"sample_72","source":"polygon_grid"}},{"type":"Feature","geometry":{"type":"Point","coordinates":[-69.10336888234426,-16.17368161497485]},"id":"73","properties":{"class":1,"class_name":"water","latitude":-16.17368161497485,"longitude":-69.10336888234426,"polygon_id":"poly_1790854051226","sample_id":"sample_73","source":"polygon_grid"}},{"type":"Feature","geometry":{"type":"Point","coordinates":[-69.10243341825554,-16.17368206689101]},"id":"74","properties":{"class":1,"class_name":"water","latitude":-16.17368206689101,"longitude":-69.10243341825554,"polygon_id":"poly_1790854051226","sample_id":"sample_74","source":"polygon_grid"}},{"type":"Feature","geometry":{"type":"Point","coordinates":[-69.10149795402849,-16.173682514891933]},"id":"75","properties":{"class":1,"class_name":"water","latitude":-16.173682514891933,"longitude":-69.10149795402849,"polygon_id":"poly_1790854051226","sample_id":"sample_75","source":"polygon_grid"}},{"type":"Feature","geometry":{"type":"Point","coordinates":[-69.10056249026255,-16.173682959222056]},"id":"76","properties":{"class":1,"class_name":"water","latitude":-16.173682959222056,"longitude":-69.10056249026255,"polygon_id":"poly_1790854051226","sample_id":"sample_76","source":"polygon_grid"}},{"type":"Feature","geometry":{"type":"Point","coordinates":[-69.09962702610034,-16.173683399066377]},"id":"77","properties":{"class":1,"class_name":"water","latitude":-16.173683399066377,"longitude":-69.09962702610034,"polygon_id":"poly_1790854051226","sample_id":"sample_77","source":"polygon_grid"}},{"type":"Feature","geometry":{"type":"Point","coordinates":[-69.10336841231141,-16.172777589307955]},"id":"78","properties":{"class":1,"class_name":"water","latitude":-16.172777589307955,"longitude":-69.10336841231141,"polygon_id":"poly_1790854051226","sample_id":"sample_78","source":"polygon_grid"}},{"type":"Feature","geometry":{"type":"Point","coordinates":[-69.10243295183501,-16.172778041778173]},"id":"79","properties":{"class":1,"class_name":"water","latitude":-16.172778041778173,"longitude":-69.10243295183501,"polygon_id":"poly_1790854051226","sample_id":"sample_79","source":"polygon_grid"}},{"type":"Feature","geometry":{"type":"Point","coordinates":[-69.10149749260356,-16.172778490035142]},"id":"80","properties":{"class":1,"class_name":"water","latitude":-16.172778490035142,"longitude":-69.10149749260356,"polygon_id":"poly_1790854051226","sample_id":"sample_80","source":"polygon_grid"}},{"type":"Feature","geometry":{"type":"Point","coordinates":[-69.1005620328075,-16.172778933773632]},"id":"81","properties":{"class":1,"class_name":"water","latitude":-16.172778933773632,"longitude":-69.1005620328075,"polygon_id":"poly_1790854051226","sample_id":"sample_81","source":"polygon_grid"}},{"type":"Feature","geometry":{"type":"Point","coordinates":[-69.09962657308222,-16.17277937367876]},"id":"82","properties":{"class":1,"class_name":"water","latitude":-16.17277937367876,"longitude":-69.09962657308222,"polygon_id":"poly_1790854051226","sample_id":"sample_82","source":"polygon_grid"}},{"type":"Feature","geometry":{"type":"Point","coordinates":[-69.0986911134341,-16.17277980978683]},"id":"83","properties":{"class":1,"class_name":"water","latitude":-16.17277980978683,"longitude":-69.0986911134341,"polygon_id":"poly_1790854051226","sample_id":"sample_83","source":"polygon_grid"}},{"type":"Feature","geometry":{"type":"Point","coordinates":[-69.0977556533281,-16.172780241396246]},"id":"84","properties":{"class":1,"class_name":"water","latitude":-16.172780241396246,"longitude":-69.0977556533281,"polygon_id":"poly_1790854051226","sample_id":"sample_84","source":"polygon_grid"}},{"type":"Feature","geometry":{"type":"Point","coordinates":[-69.10243248641065,-16.17187401665646]},"id":"85","properties":{"class":1,"class_name":"water","latitude":-16.17187401665646,"longitude":-69.10243248641065,"polygon_id":"poly_1790854051226","sample_id":"sample_85","source":"polygon_grid"}},{"type":"Feature","geometry":{"type":"Point","coordinates":[-69.10149703081645,-16.17187446475048]},"id":"86","properties":{"class":1,"class_name":"water","latitude":-16.17187446475048,"longitude":-69.10149703081645,"polygon_id":"poly_1790854051226","sample_id":"sample_86","source":"polygon_grid"}},{"type":"Feature","geometry":{"type":"Point","coordinates":[-69.10056157528322,-16.17187490856102]},"id":"87","properties":{"class":1,"class_name":"water","latitude":-16.17187490856102,"longitude":-69.10056157528322,"polygon_id":"poly_1790854051226","sample_id":"sample_87","source":"polygon_grid"}},{"type":"Feature","geometry":{"type":"Point","coordinates":[-69.09962612032359,-16.17187534847937]},"id":"88","properties":{"class":1,"class_name":"water","latitude":-16.17187534847937,"longitude":-69.09962612032359,"polygon_id":"poly_1790854051226","sample_id":"sample_88","source":"polygon_grid"}},{"type":"Feature","geometry":{"type":"Point","coordinates":[-69.09869066472544,-16.171875784266867]},"id":"89","properties":{"class":1,"class_name":"water","latitude":-16.171875784266867,"longitude":-69.09869066472544,"polygon_id":"poly_1790854051226","sample_id":"sample_89","source":"polygon_grid"}},{"type":"Feature","geometry":{"type":"Point","coordinates":[-69.09775520855528,-16.171876215833265]},"id":"90","properties":{"class":1,"class_name":"water","latitude":-16.171876215833265,"longitude":-69.09775520855528,"polygon_id":"poly_1790854051226","sample_id":"sample_90","source":"polygon_grid"}},{"type":"Feature","geometry":{"type":"Point","coordinates":[-69.09681975315046,-16.171876643374464]},"id":"91","properties":{"class":1,"class_name":"water","latitude":-16.171876643374464,"longitude":-69.09681975315046,"polygon_id":"poly_1790854051226","sample_id":"sample_91","source":"polygon_grid"}},{"type":"Feature","geometry":{"type":"Point","coordinates":[-69.10243202054741,-16.170969991182968]},"id":"92","properties":{"class":1,"class_name":"water","latitude":-16.170969991182968,"longitude":-69.10243202054741,"polygon_id":"poly_1790854051226","sample_id":"sample_92","source":"polygon_grid"}},{"type":"Feature","geometry":{"type":"Point","coordinates":[-69.10149656946822,-16.170970439331267]},"id":"93","properties":{"class":1,"class_name":"water","latitude":-16.170970439331267,"longitude":-69.10149656946822,"polygon_id":"poly_1790854051226","sample_id":"sample_93","source":"polygon_grid"}},{"type":"Feature","geometry":{"type":"Point","coordinates":[-69.10056111809085,-16.170970883697386]},"id":"94","properties":{"class":1,"class_name":"water","latitude":-16.170970883697386,"longitude":-69.10056111809085,"polygon_id":"poly_1790854051226","sample_id":"sample_94","source":"polygon_grid"}},{"type":"Feature","geometry":{"type":"Point","coordinates":[-69.09962566707996,-16.170971323349086]},"id":"95","properties":{"class":1,"class_name":"water","latitude":-16.170971323349086,"longitude":-69.09962566707996,"polygon_id":"poly_1790854051226","sample_id":"sample_95","source":"polygon_grid"}},{"type":"Feature","geometry":{"type":"Point","coordinates":[-69.09869021577225,-16.170971758654872]},"id":"96","properties":{"class":1,"class_name":"water","latitude":-16.170971758654872,"longitude":-69.09869021577225,"polygon_id":"poly_1790854051226","sample_id":"sample_96","source":"polygon_grid"}},{"type":"Feature","geometry":{"type":"Point","coordinates":[-69.0977547642507,-16.1709721903727]},"id":"97","properties":{"class":1,"class_name":"water","latitude":-16.1709721903727,"longitude":-69.0977547642507,"polygon_id":"poly_1790854051226","sample_id":"sample_97","source":"polygon_grid"}},{"type":"Feature","geometry":{"type":"Point","coordinates":[-69.09681931296352,-16.17097261814063]},"id":"98","properties":{"class":1,"class_name":"water","latitude":-16.17097261814063,"longitude":-69.09681931296352,"polygon_id":"poly_1790854051226","sample_id":"sample_98","source":"polygon_grid"}},{"type":"Feature","geometry":{"type":"Point","coordinates":[-69.09588386222337,-16.170973041284274]},"id":"99","properties":{"class":1,"class_name":"water","latitude":-16.170973041284274,"longitude":-69.09588386222337,"polygon_id":"poly_1790854051226","sample_id":"sample_99","source":"polygon_grid"}},{"type":"Feature","geometry":{"type":"Point","coordinates":[-69.1024315547827,-16.170065965771588]},"id":"100","properties":{"class":1,"class_name":"water","latitude":-16.170065965771588,"longitude":-69.1024315547827,"polygon_id":"poly_1790854051226","sample_id":"sample_100","source":"polygon_grid"}},{"type":"Feature","geometry":{"type":"Point","coordinates":[-69.10149610789277,-16.170066413633727]},"id":"101","properties":{"class":1,"class_name":"water","latitude":-16.170066413633727,"longitude":-69.10149610789277,"polygon_id":"poly_1790854051226","sample_id":"sample_101","source":"polygon_grid"}},{"type":"Feature","geometry":{"type":"Point","coordinates":[-69.10056066138968,-16.170066857588655]},"id":"102","properties":{"class":1,"class_name":"water","latitude":-16.170066857588655,"longitude":-69.10056066138968,"polygon_id":"poly_1790854051226","sample_id":"sample_102","source":"polygon_grid"}},{"type":"Feature","geometry":{"type":"Point","coordinates":[-69.09962521364857,-16.17006729769103]},"id":"103","properties":{"class":1,"class_name":"water","latitude":-16.17006729769103,"longitude":-69.09962521364857,"polygon_id":"poly_1790854051226","sample_id":"sample_103","source":"polygon_grid"}},{"type":"Feature","geometry":{"type":"Point","coordinates":[-69.09868976712161,-16.17006773348182]},"id":"104","properties":{"class":1,"class_name":"water","latitude":-16.17006773348182,"longitude":-69.09868976712161,"polygon_id":"poly_1790854051226","sample_id":"sample_104","source":"polygon_grid"}},{"type":"Feature","geometry":{"type":"Point","coordinates":[-69.09775431986806,-16.17006816515696]},"id":"105","properties":{"class":1,"class_name":"water","latitude":-16.17006816515696,"longitude":-69.09775431986806,"polygon_id":"poly_1790854051226","sample_id":"sample_105","source":"polygon_grid"}},{"type":"Feature","geometry":{"type":"Point","coordinates":[-69.09681887277684,-16.170068592520046]},"id":"106","properties":{"class":1,"class_name":"water","latitude":-16.170068592520046,"longitude":-69.09681887277684,"polygon_id":"poly_1790854051226","sample_id":"sample_106","source":"polygon_grid"}},{"type":"Feature","geometry":{"type":"Point","coordinates":[-69.09588342603679,-16.17006901598933]},"id":"107","properties":{"class":1,"class_name":"water","latitude":-16.17006901598933,"longitude":-69.09588342603679,"polygon_id":"poly_1790854051226","sample_id":"sample_107","source":"polygon_grid"}},{"type":"Feature","geometry":{"type":"Point","coordinates":[-69.0949479786186,-16.170069435530753]},"id":"108","properties":{"class":1,"class_name":"water","latitude":-16.170069435530753,"longitude":-69.0949479786186,"polygon_id":"poly_1790854051226","sample_id":"sample_108","source":"polygon_grid"}},{"type":"Feature","geometry":{"type":"Point","coordinates":[-69.10243108920618,-16.169161940594908]},"id":"109","properties":{"class":1,"class_name":"water","latitude":-16.169161940594908,"longitude":-69.10243108920618,"polygon_id":"poly_1790854051226","sample_id":"sample_109","source":"polygon_grid"}},{"type":"Feature","geometry":{"type":"Point","coordinates":[-69.10149564611088,-16.169162388616545]},"id":"110","properties":{"class":1,"class_name":"water","latitude":-16.169162388616545,"longitude":-69.10149564611088,"polygon_id":"poly_1790854051226","sample_id":"sample_110","source":"polygon_grid"}},{"type":"Feature","geometry":{"type":"Point","coordinates":[-69.10056020434915,-16.169162832352374]},"id":"111","properties":{"class":1,"class_name":"water","latitude":-16.169162832352374,"longitude":-69.10056020434915,"polygon_id":"poly_1790854051226","sample_id":"sample_111","source":"polygon_grid"}},{"type":"Feature","geometry":{"type":"Point","coordinates":[-69.09962476085511,-16.169163272182008]},"id":"112","properties":{"class":1,"class_name":"water","latitude":-16.169163272182008,"longitude":-69.09962476085511,"polygon_id":"poly_1790854051226","sample_id":"sample_112","source":"polygon_grid"}},{"type":"Feature","geometry":{"type":"Point","coordinates":[-69.09868931830536,-16.169163707832627]},"id":"113","properties":{"class":1,"class_name":"water","latitude":-16.169163707832627,"longitude":-69.09868931830536,"polygon_id":"poly_1790854051226","sample_id":"sample_113","source":"polygon_grid"}},{"type":"Feature","geometry":{"type":"Point","coordinates":[-69.09775387545217,-16.16916413925609]},"id":"114","properties":{"class":1,"class_name":"water","latitude":-16.16916413925609,"longitude":-69.09775387545217,"polygon_id":"poly_1790854051226","sample_id":"sample_114","source":"polygon_grid"}},{"type":"Feature","geometry":{"type":"Point","coordinates":[-69.0968184325409,-16.169164566841623]},"id":"115","properties":{"class":1,"class_name":"water","latitude":-16.169164566841623,"longitude":-69.0968184325409,"polygon_id":"poly_1790854051226","sample_id":"sample_115","source":"polygon_grid"}},{"type":"Feature","geometry":{"type":"Point","coordinates":[-69.09588299024475,-16.169164990212035]},"id":"116","properties":{"class":1,"class_name":"water","latitude":-16.169164990212035,"longitude":-69.09588299024475,"polygon_id":"poly_1790854051226","sample_id":"sample_116","source":"polygon_grid"}},{"type":"Feature","geometry":{"type":"Point","coordinates":[-69.09494754679632,-16.16916540920241]},"id":"117","properties":{"class":1,"class_name":"water","latitude":-16.16916540920241,"longitude":-69.09494754679632,"polygon_id":"poly_1790854051226","sample_id":"sample_117","source":"polygon_grid"}},{"type":"Feature","geometry":{"type":"Point","coordinates":[-69.09401210404567,-16.16916582460444]},"id":"118","properties":{"class":1,"class_name":"water","latitude":-16.16916582460444,"longitude":-69.09401210404567,"polygon_id":"poly_1790854051226","sample_id":"sample_118","source":"polygon_grid"}},{"type":"Feature","geometry":{"type":"Point","coordinates":[-69.10149518479162,-16.16825836303534]},"id":"119","properties":{"class":1,"class_name":"water","latitude":-16.16825836303534,"longitude":-69.10149518479162,"polygon_id":"poly_1790854051226","sample_id":"sample_119","source":"polygon_grid"}},{"type":"Feature","geometry":{"type":"Point","coordinates":[-69.10055974665704,-16.168258806702415]},"id":"120","properties":{"class":1,"class_name":"water","latitude":-16.168258806702415,"longitude":-69.10055974665704,"polygon_id":"poly_1790854051226","sample_id":"sample_120","source":"polygon_grid"}},{"type":"Feature","geometry":{"type":"Point","coordinates":[-69.09962430823259,-16.16825924623901]},"id":"121","properties":{"class":1,"class_name":"water","latitude":-16.16825924623901,"longitude":-69.09962430823259,"polygon_id":"poly_1790854051226","sample_id":"sample_121","source":"polygon_grid"}},{"type":"Feature","geometry":{"type":"Point","coordinates":[-69.09868886938195,-16.168259681985322]},"id":"122","properties":{"class":1,"class_name":"water","latitude":-16.168259681985322,"longitude":-69.09868886938195,"polygon_id":"poly_1790854051226","sample_id":"sample_122","source":"polygon_grid"}},{"type":"Feature","geometry":{"type":"Point","coordinates":[-69.09775343143232,-16.168260113830673]},"id":"123","properties":{"class":1,"class_name":"water","latitude":-16.168260113830673,"longitude":-69.09775343143232,"polygon_id":"poly_1790854051226","sample_id":"sample_123","source":"polygon_grid"}},{"type":"Feature","geometry":{"type":"Point","coordinates":[-69.0968179922269,-16.168260541393185]},"id":"124","properties":{"class":1,"class_name":"water","latitude":-16.168260541393185,"longitude":-69.0968179922269,"polygon_id":"poly_1790854051226","sample_id":"sample_124","source":"polygon_grid"}},{"type":"Feature","geometry":{"type":"Point","coordinates":[-69.09588255431528,-16.16826096455345]},"id":"125","properties":{"class":1,"class_name":"water","latitude":-16.16826096455345,"longitude":-69.09588255431528,"polygon_id":"poly_1790854051226","sample_id":"sample_125","source":"polygon_grid"}},{"type":"Feature","geometry":{"type":"Point","coordinates":[-69.09494711511374,-16.168261383994587]},"id":"126","properties":{"class":1,"class_name":"water","latitude":-16.168261383994587,"longitude":-69.09494711511374,"polygon_id":"poly_1790854051226","sample_id":"sample_126","source":"polygon_grid"}},{"type":"Feature","geometry":{"type":"Point","coordinates":[-69.09401167667338,-16.1682617988524]},"id":"127","properties":{"class":1,"class_name":"water","latitude":-16.1682617988524,"longitude":-69.09401167667338,"polygon_id":"poly_1790854051226","sample_id":"sample_127","source":"polygon_grid"}},{"type":"Feature","geometry":{"type":"Point","coordinates":[-69.10149472344142,-16.16735433728568]},"id":"128","properties":{"class":1,"class_name":"water","latitude":-16.16735433728568,"longitude":-69.10149472344142,"polygon_id":"poly_1790854051226","sample_id":"sample_128","source":"polygon_grid"}},{"type":"Feature","geometry":{"type":"Point","coordinates":[-69.10055928907776,-16.167354780992262]},"id":"129","properties":{"class":1,"class_name":"water","latitude":-16.167354780992262,"longitude":-69.10055928907776,"polygon_id":"poly_1790854051226","sample_id":"sample_129","source":"polygon_grid"}},{"type":"Feature","geometry":{"type":"Point","coordinates":[-69.0996238557386,-16.167355220944177]},"id":"130","properties":{"class":1,"class_name":"water","latitude":-16.167355220944177,"longitude":-69.0996238557386,"polygon_id":"poly_1790854051226","sample_id":"sample_130","source":"polygon_grid"}},{"type":"Feature","geometry":{"type":"Point","coordinates":[-69.09868842065033,-16.167355656794363]},"id":"131","properties":{"class":1,"class_name":"water","latitude":-16.167355656794363,"longitude":-69.09868842065033,"polygon_id":"poly_1790854051226","sample_id":"sample_131","source":"polygon_grid"}},{"type":"Feature","geometry":{"type":"Point","coordinates":[-69.09775298680849,-16.167356087719124]},"id":"132","properties":{"class":1,"class_name":"water","latitude":-16.167356087719124,"longitude":-69.09775298680849,"polygon_id":"poly_1790854051226","sample_id":"sample_132","source":"polygon_grid"}},{"type":"Feature","geometry":{"type":"Point","coordinates":[-69.09681755230093,-16.167356514995305]},"id":"133","properties":{"class":1,"class_name":"water","latitude":-16.167356514995305,"longitude":-69.09681755230093,"polygon_id":"poly_1790854051226","sample_id":"sample_133","source":"polygon_grid"}},{"type":"Feature","geometry":{"type":"Point","coordinates":[-69.0958821183291,-16.16735693857963]},"id":"134","properties":{"class":1,"class_name":"water","latitude":-16.16735693857963,"longitude":-69.0958821183291,"polygon_id":"poly_1790854051226","sample_id":"sample_134","source":"polygon_grid"}},{"type":"Feature","geometry":{"type":"Point","coordinates":[-69.09494668369267,-16.16735735806691]},"id":"135","properties":{"class":1,"class_name":"water","latitude":-16.16735735806691,"longitude":-69.09494668369267,"polygon_id":"poly_1790854051226","sample_id":"sample_135","source":"polygon_grid"}},{"type":"Feature","geometry":{"type":"Point","coordinates":[-69.10149426209463,-16.16645031139739]},"id":"136","properties":{"class":1,"class_name":"water","latitude":-16.16645031139739,"longitude":-69.10149426209463,"polygon_id":"poly_1790854051226","sample_id":"sample_136","source":"polygon_grid"}},{"type":"Feature","geometry":{"type":"Point","coordinates":[-69.10055883221617,-16.16645075564475]},"id":"137","properties":{"class":1,"class_name":"water","latitude":-16.16645075564475,"longitude":-69.10055883221617,"polygon_id":"poly_1790854051226","sample_id":"sample_137","source":"polygon_grid"}},{"type":"Feature","geometry":{"type":"Point","coordinates":[-69.09962340275942,-16.166451195295988]},"id":"138","properties":{"class":1,"class_name":"water","latitude":-16.166451195295988,"longitude":-69.09962340275942,"polygon_id":"poly_1790854051226","sample_id":"sample_138","source":"polygon_grid"}},{"type":"Feature","geometry":{"type":"Point","coordinates":[-69.09868797219069,-16.16645163073342]},"id":"139","properties":{"class":1,"class_name":"water","latitude":-16.16645163073342,"longitude":-69.09868797219069,"polygon_id":"poly_1790854051226","sample_id":"sample_139","source":"polygon_grid"}},{"type":"Feature","geometry":{"type":"Point","coordinates":[-69.09775254194008,-16.166452062500255]},"id":"140","properties":{"class":1,"class_name":"water","latitude":-16.166452062500255,"longitude":-69.09775254194008,"polygon_id":"poly_1790854051226","sample_id":"sample_140","source":"polygon_grid"}},{"type":"Feature","geometry":{"type":"Point","coordinates":[-69.09681711251581,-16.166452489858116]},"id":"141","properties":{"class":1,"class_name":"water","latitude":-16.166452489858116,"longitude":-69.09681711251581,"polygon_id":"poly_1790854051226","sample_id":"sample_141","source":"polygon_grid"}},{"type":"Feature","geometry":{"type":"Point","coordinates":[-69.09588168202302,-16.166452913147197]},"id":"142","properties":{"class":1,"class_name":"water","latitude":-16.166452913147197,"longitude":-69.09588168202302,"polygon_id":"poly_1790854051226","sample_id":"sample_142","source":"polygon_grid"}},{"type":"Feature","geometry":{"type":"Point","coordinates":[-69.09494625233145,-16.166453331834397]},"id":"143","properties":{"class":1,"class_name":"water","latitude":-16.166453331834397,"longitude":-69.09494625233145,"polygon_id":"poly_1790854051226","sample_id":"sample_143","source":"polygon_grid"}},{"type":"Feature","geometry":{"type":"Point","coordinates":[-69.10149380103553,-16.165546285893377]},"id":"144","properties":{"class":1,"class_name":"water","latitude":-16.165546285893377,"longitude":-69.10149380103553,"polygon_id":"poly_1790854051226","sample_id":"sample_144","source":"polygon_grid"}},{"type":"Feature","geometry":{"type":"Point","coordinates":[-69.10055837514011,-16.165546729561985]},"id":"145","properties":{"class":1,"class_name":"water","latitude":-16.165546729561985,"longitude":-69.10055837514011,"polygon_id":"poly_1790854051226","sample_id":"sample_145","source":"polygon_grid"}},{"type":"Feature","geometry":{"type":"Point","coordinates":[-69.09962294975125,-16.16554716917536]},"id":"146","properties":{"class":1,"class_name":"water","latitude":-16.16554716917536,"longitude":-69.09962294975125,"polygon_id":"poly_1790854051226","sample_id":"sample_146","source":"polygon_grid"}},{"type":"Feature","geometry":{"type":"Point","coordinates":[-69.09868752361228,-16.165547604778496]},"id":"147","properties":{"class":1,"class_name":"water","latitude":-16.165547604778496,"longitude":-69.09868752361228,"polygon_id":"poly_1790854051226","sample_id":"sample_147","source":"polygon_grid"}},{"type":"Feature","geometry":{"type":"Point","coordinates":[-69.09775209781523,-16.16554803619524]},"id":"148","properties":{"class":1,"class_name":"water","latitude":-16.16554803619524,"longitude":-69.09775209781523,"polygon_id":"poly_1790854051226","sample_id":"sample_148","source":"polygon_grid"}},{"type":"Feature","geometry":{"type":"Point","coordinates":[-69.09681667214876,-16.165548463925543]},"id":"149","properties":{"class":1,"class_name":"water","latitude":-16.165548463925543,"longitude":-69.09681667214876,"polygon_id":"poly_1790854051226","sample_id":"sample_149","source":"polygon_grid"}},{"type":"Feature","geometry":{"type":"Point","coordinates":[-69.09588124636645,-16.165548887069043]},"id":"150","properties":{"class":1,"class_name":"water","latitude":-16.165548887069043,"longitude":-69.09588124636645,"polygon_id":"poly_1790854051226","sample_id":"sample_150","source":"polygon_grid"}},{"type":"Feature","geometry":{"type":"Point","coordinates":[-69.0949458205929,-16.165549306310734]},"id":"151","properties":{"class":1,"class_name":"water","latitude":-16.165549306310734,"longitude":-69.0949458205929,"polygon_id":"poly_1790854051226","sample_id":"sample_151","source":"polygon_grid"}},{"type":"Feature","geometry":{"type":"Point","coordinates":[-69.10055791786917,-16.164642703905777]},"id":"152","properties":{"class":1,"class_name":"water","latitude":-16.164642703905777,"longitude":-69.10055791786917,"polygon_id":"poly_1790854051226","sample_id":"sample_152","source":"polygon_grid"}},{"type":"Feature","geometry":{"type":"Point","coordinates":[-69.09962249699542,-16.16464314350436]},"id":"153","properties":{"class":1,"class_name":"water","latitude":-16.16464314350436,"longitude":-69.09962249699542,"polygon_id":"poly_1790854051226","sample_id":"sample_153","source":"polygon_grid"}},{"type":"Feature","geometry":{"type":"Point","coordinates":[-69.09868707487537,-16.164643578925048]},"id":"154","properties":{"class":1,"class_name":"water","latitude":-16.164643578925048,"longitude":-69.09868707487537,"polygon_id":"poly_1790854051226","sample_id":"sample_154","source":"polygon_grid"}},{"type":"Feature","geometry":{"type":"Point","coordinates":[-69.09775165373705,-16.164644010882498]},"id":"155","properties":{"class":1,"class_name":"water","latitude":-16.164644010882498,"longitude":-69.09775165373705,"polygon_id":"poly_1790854051226","sample_id":"sample_155","source":"polygon_grid"}},{"type":"Feature","geometry":{"type":"Point","coordinates":[-69.09681623202373,-16.164644438008647]},"id":"156","properties":{"class":1,"class_name":"water","latitude":-16.164644438008647,"longitude":-69.09681623202373,"polygon_id":"poly_1790854051226","sample_id":"sample_156","source":"polygon_grid"}},{"type":"Feature","geometry":{"type":"Point","coordinates":[-69.09588081077727,-16.16464486108648]},"id":"157","properties":{"class":1,"class_name":"water","latitude":-16.16464486108648,"longitude":-69.09588081077727,"polygon_id":"poly_1790854051226","sample_id":"sample_157","source":"polygon_grid"}},{"type":"Feature","geometry":{"type":"Point","coordinates":[-69.1005574609813,-16.163738677816998]},"id":"158","properties":{"class":1,"class_name":"water","latitude":-16.163738677816998,"longitude":-69.1005574609813,"polygon_id":"poly_1790854051226","sample_id":"sample_158","source":"polygon_grid"}},{"type":"Feature","geometry":{"type":"Point","coordinates":[-69.09962204383523,-16.163739117303617]},"id":"159","properties":{"class":1,"class_name":"water","latitude":-16.163739117303617,"longitude":-69.09962204383523,"polygon_id":"poly_1790854051226","sample_id":"sample_159","source":"polygon_grid"}},{"type":"Feature","geometry":{"type":"Point","coordinates":[-69.09868662676058,-16.163739553411602]},"id":"160","properties":{"class":1,"class_name":"water","latitude":-16.163739553411602,"longitude":-69.09868662676058,"polygon_id":"poly_1790854051226","sample_id":"sample_160","source":"polygon_grid"}},{"type":"Feature","geometry":{"type":"Point","coordinates":[-69.09775120927543,-16.16373998454838]},"id":"161","properties":{"class":1,"class_name":"water","latitude":-16.16373998454838,"longitude":-69.09775120927543,"polygon_id":"poly_1790854051226","sample_id":"sample_161","source":"polygon_grid"}},{"type":"Feature","geometry":{"type":"Point","coordinates":[-69.09681579208208,-16.163740411581248]},"id":"162","properties":{"class":1,"class_name":"water","latitude":-16.163740411581248,"longitude":-69.09681579208208,"polygon_id":"poly_1790854051226","sample_id":"sample_162","source":"polygon_grid"}},{"type":"Feature","geometry":{"type":"Point","coordinates":[-69.0958803746574,-16.16374083469386]},"id":"163","properties":{"class":1,"class_name":"water","latitude":-16.16374083469386,"longitude":-69.0958803746574,"polygon_id":"poly_1790854051226","sample_id":"sample_163","source":"polygon_grid"}},{"type":"Feature","geometry":{"type":"Point","coordinates":[-69.09962159107043,-16.162835091871376]},"id":"164","properties":{"class":1,"class_name":"water","latitude":-16.162835091871376,"longitude":-69.09962159107043,"polygon_id":"poly_1790854051226","sample_id":"sample_164","source":"polygon_grid"}},{"type":"Feature","geometry":{"type":"Point","coordinates":[-69.09868617827004,-16.162835526801416]},"id":"165","properties":{"class":1,"class_name":"water","latitude":-16.162835526801416,"longitude":-69.09868617827004,"polygon_id":"poly_1790854051226","sample_id":"sample_165","source":"polygon_grid"}},{"type":"Feature","geometry":{"type":"Point","coordinates":[-69.09775076475628,-16.162835957838215]},"id":"166","properties":{"class":1,"class_name":"water","latitude":-16.162835957838215,"longitude":-69.09775076475628,"polygon_id":"poly_1790854051226","sample_id":"sample_166","source":"polygon_grid"}},{"type":"Feature","geometry":{"type":"Point","coordinates":[-69.09681535232554,-16.162836385385013]},"id":"167","properties":{"class":1,"class_name":"water","latitude":-16.162836385385013,"longitude":-69.09681535232554,"polygon_id":"poly_1790854051226","sample_id":"sample_167","source":"polygon_grid"}},{"type":"Feature","geometry":{"type":"Point","coordinates":[-69.09962113847608,-16.161931065027225]},"id":"168","properties":{"class":1,"class_name":"water","latitude":-16.161931065027225,"longitude":-69.09962113847608,"polygon_id":"poly_1790854051226","sample_id":"sample_168","source":"polygon_grid"}},{"type":"Feature","geometry":{"type":"Point","coordinates":[-69.09868572946779,-16.161931500491892]},"id":"169","properties":{"class":1,"class_name":"water","latitude":-16.161931500491892,"longitude":-69.09868572946779,"polygon_id":"poly_1790854051226","sample_id":"sample_169","source":"polygon_grid"}},{"type":"Feature","geometry":{"type":"Point","coordinates":[-69.09775032078674,-16.1619319321531]},"id":"170","properties":{"class":1,"class_name":"water","latitude":-16.1619319321531,"longitude":-69.09775032078674,"polygon_id":"poly_1790854051226","sample_id":"sample_170","source":"polygon_grid"}},{"type":"Feature","geometry":{"type":"Point","coordinates":[-69.09681491224937,-16.16193235930086]},"id":"171","properties":{"class":1,"class_name":"water","latitude":-16.16193235930086,"longitude":-69.09681491224937,"polygon_id":"poly_1790854051226","sample_id":"sample_171","source":"polygon_grid"}},{"type":"Feature","geometry":{"type":"Point","coordinates":[-69.09868528117062,-16.16102747467501]},"id":"172","properties":{"class":1,"class_name":"water","latitude":-16.16102747467501,"longitude":-69.09868528117062,"polygon_id":"poly_1790854051226","sample_id":"sample_172","source":"polygon_grid"}},{"type":"Feature","geometry":{"type":"Point","coordinates":[-69.09774987656509,-16.16102790584812]},"id":"173","properties":{"class":1,"class_name":"water","latitude":-16.16102790584812,"longitude":-69.09774987656509,"polygon_id":"poly_1790854051226","sample_id":"sample_173","source":"polygon_grid"}},{"type":"Feature","geometry":{"type":"Point","coordinates":[-69.09681447214467,-16.1610283330236]},"id":"174","properties":{"class":1,"class_name":"water","latitude":-16.1610283330236,"longitude":-69.09681447214467,"polygon_id":"poly_1790854051226","sample_id":"sample_174","source":"polygon_grid"}},{"type":"Feature","geometry":{"type":"Point","coordinates":[-69.09868483280431,-16.1601234478036]},"id":"175","properties":{"class":1,"class_name":"water","latitude":-16.1601234478036,"longitude":-69.09868483280431,"polygon_id":"poly_1790854051226","sample_id":"sample_175","source":"polygon_grid"}},{"type":"Feature","geometry":{"type":"Point","coordinates":[-69.09774943214798,-16.160123879108124]},"id":"176","properties":{"class":1,"class_name":"water","latitude":-16.160123879108124,"longitude":-69.09774943214798,"polygon_id":"poly_1790854051226","sample_id":"sample_176","source":"polygon_grid"}},{"type":"Feature","geometry":{"type":"Point","coordinates":[-69.09681403236947,-16.160124306280075]},"id":"177","properties":{"class":1,"class_name":"water","latitude":-16.160124306280075,"longitude":-69.09681403236947,"polygon_id":"poly_1790854051226","sample_id":"sample_177","source":"polygon_grid"}},{"type":"Feature","geometry":{"type":"Point","coordinates":[-69.0977489881116,-16.159219853031363]},"id":"178","properties":{"class":1,"class_name":"water","latitude":-16.159219853031363,"longitude":-69.0977489881116,"polygon_id":"poly_1790854051226","sample_id":"sample_178","source":"polygon_grid"}},{"type":"Feature","geometry":{"type":"Point","coordinates":[-69.08839984803744,-16.170072255207483]},"id":"179","properties":{"class":2,"class_name":"urban","latitude":-16.170072255207483,"longitude":-69.08839984803744,"polygon_id":"poly_1790854121267","sample_id":"sample_179","source":"polygon_grid"}},{"type":"Feature","geometry":{"type":"Point","coordinates":[-69.08746440063017,-16.17007264166402]},"id":"180","properties":{"class":2,"class_name":"urban","latitude":-16.17007264166402,"longitude":-69.08746440063017,"polygon_id":"poly_1790854121267","sample_id":"sample_180","source":"polygon_grid"}},{"type":"Feature","geometry":{"type":"Point","coordinates":[-69.08839944653904,-16.169168228889603]},"id":"181","properties":{"class":2,"class_name":"urban","latitude":-16.169168228889603,"longitude":-69.08839944653904,"polygon_id":"poly_1790854121267","sample_id":"sample_181","source":"polygon_grid"}},{"type":"Feature","geometry":{"type":"Point","coordinates":[-69.08746400284677,-16.169168615469584]},"id":"182","properties":{"class":2,"class_name":"urban","latitude":-16.169168615469584,"longitude":-69.08746400284677,"polygon_id":"poly_1790854121267","sample_id":"sample_182","source":"polygon_grid"}},{"type":"Feature","geometry":{"type":"Point","coordinates":[-69.08652856018031,-16.169168997683162]},"id":"183","properties":{"class":2,"class_name":"urban","latitude":-16.169168997683162,"longitude":-69.08652856018031,"polygon_id":"poly_1790854121267","sample_id":"sample_183","source":"polygon_grid"}},{"type":"Feature","geometry":{"type":"Point","coordinates":[-69.08559311643265,-16.169169375760085]},"id":"184","properties":{"class":2,"class_name":"urban","latitude":-16.169169375760085,"longitude":-69.08559311643265,"polygon_id":"poly_1790854121267","sample_id":"sample_184","source":"polygon_grid"}},{"type":"Feature","geometry":{"type":"Point","coordinates":[-69.08746360546041,-16.168264589369233]},"id":"185","properties":{"class":2,"class_name":"urban","latitude":-16.168264589369233,"longitude":-69.08746360546041,"polygon_id":"poly_1790854121267","sample_id":"sample_185","source":"polygon_grid"}},{"type":"Feature","geometry":{"type":"Point","coordinates":[-69.0865281665378,-16.16826497163607]},"id":"186","properties":{"class":2,"class_name":"urban","latitude":-16.16826497163607,"longitude":-69.0865281665378,"polygon_id":"poly_1790854121267","sample_id":"sample_186","source":"polygon_grid"}},{"type":"Feature","geometry":{"type":"Point","coordinates":[-69.08559272745927,-16.168265349731353]},"id":"187","properties":{"class":2,"class_name":"urban","latitude":-16.168265349731353,"longitude":-69.08559272745927,"polygon_id":"poly_1790854121267","sample_id":"sample_187","source":"polygon_grid"}},{"type":"Feature","geometry":{"type":"Point","coordinates":[-69.08465728859845,-16.1682657240361]},"id":"188","properties":{"class":2,"class_name":"urban","latitude":-16.1682657240361,"longitude":-69.08465728859845,"polygon_id":"poly_1790854121267","sample_id":"sample_188","source":"polygon_grid"}},{"type":"Feature","geometry":{"type":"Point","coordinates":[-69.08372184995721,-16.168266094045464]},"id":"189","properties":{"class":2,"class_name":"urban","latitude":-16.168266094045464,"longitude":-69.08372184995721,"polygon_id":"poly_1790854121267","sample_id":"sample_189","source":"polygon_grid"}},{"type":"Feature","geometry":{"type":"Point","coordinates":[-69.08278641096369,-16.168266459389883]},"id":"190","properties":{"class":2,"class_name":"urban","latitude":-16.168266459389883,"longitude":-69.08278641096369,"polygon_id":"poly_1790854121267","sample_id":"sample_190","source":"polygon_grid"}},{"type":"Feature","geometry":{"type":"Point","coordinates":[-69.08185097195104,-16.168266820845655]},"id":"191","properties":{"class":2,"class_name":"urban","latitude":-16.168266820845655,"longitude":-69.08185097195104,"polygon_id":"poly_1790854121267","sample_id":"sample_191","source":"polygon_grid"}},{"type":"Feature","geometry":{"type":"Point","coordinates":[-69.08746320796152,-16.167360563512503]},"id":"192","properties":{"class":2,"class_name":"urban","latitude":-16.167360563512503,"longitude":-69.08746320796152,"polygon_id":"poly_1790854121267","sample_id":"sample_192","source":"polygon_grid"}},{"type":"Feature","geometry":{"type":"Point","coordinates":[-69.08652777304405,-16.16736094566781]},"id":"193","properties":{"class":2,"class_name":"urban","latitude":-16.16736094566781,"longitude":-69.08652777304405,"polygon_id":"poly_1790854121267","sample_id":"sample_193","source":"polygon_grid"}},{"type":"Feature","geometry":{"type":"Point","coordinates":[-69.08559233839429,-16.167361323707]},"id":"194","properties":{"class":2,"class_name":"urban","latitude":-16.167361323707,"longitude":-69.08559233839429,"polygon_id":"poly_1790854121267","sample_id":"sample_194","source":"polygon_grid"}},{"type":"Feature","geometry":{"type":"Point","coordinates":[-69.08465690393106,-16.167361697623623]},"id":"195","properties":{"class":2,"class_name":"urban","latitude":-16.167361697623623,"longitude":-69.08465690393106,"polygon_id":"poly_1790854121267","sample_id":"sample_195","source":"polygon_grid"}},{"type":"Feature","geometry":{"type":"Point","coordinates":[-69.08372146928136,-16.16736206750535]},"id":"196","properties":{"class":2,"class_name":"urban","latitude":-16.16736206750535,"longitude":-69.08372146928136,"polygon_id":"poly_1790854121267","sample_id":"sample_196","source":"polygon_grid"}},{"type":"Feature","geometry":{"type":"Point","coordinates":[-69.08278603451164,-16.167362433555656]},"id":"197","properties":{"class":2,"class_name":"urban","latitude":-16.167362433555656,"longitude":-69.08278603451164,"polygon_id":"poly_1790854121267","sample_id":"sample_197","source":"polygon_grid"}},{"type":"Feature","geometry":{"type":"Point","coordinates":[-69.08185059980296,-16.167362795296075]},"id":"198","properties":{"class":2,"class_name":"urban","latitude":-16.167362795296075,"longitude":-69.08185059980296,"polygon_id":"poly_1790854121267","sample_id":"sample_198","source":"polygon_grid"}},{"type":"Feature","geometry":{"type":"Point","coordinates":[-69.08091516478108,-16.167363152509807]},"id":"199","properties":{"class":2,"class_name":"urban","latitude":-16.167363152509807,"longitude":-69.08091516478108,"polygon_id":"poly_1790854121267","sample_id":"sample_199","source":"polygon_grid"}},{"type":"Feature","geometry":{"type":"Point","coordinates":[-69.0874628104166,-16.16645653737979]},"id":"200","properties":{"class":2,"class_name":"urban","latitude":-16.16645653737979,"longitude":-69.0874628104166,"polygon_id":"poly_1790854121267","sample_id":"sample_200","source":"polygon_grid"}},{"type":"Feature","geometry":{"type":"Point","coordinates":[-69.08652737977992,-16.166456919729033]},"id":"201","properties":{"class":2,"class_name":"urban","latitude":-16.166456919729033,"longitude":-69.08652737977992,"polygon_id":"poly_1790854121267","sample_id":"sample_201","source":"polygon_grid"}},{"type":"Feature","geometry":{"type":"Point","coordinates":[-69.0855919492084,-16.166457297835937]},"id":"202","properties":{"class":2,"class_name":"urban","latitude":-16.166457297835937,"longitude":-69.0855919492084,"polygon_id":"poly_1790854121267","sample_id":"sample_202","source":"polygon_grid"}},{"type":"Feature","geometry":{"type":"Point","coordinates":[-69.08465651914297,-16.16645767181859]},"id":"203","properties":{"class":2,"class_name":"urban","latitude":-16.16645767181859,"longitude":-69.08465651914297,"polygon_id":"poly_1790854121267","sample_id":"sample_203","source":"polygon_grid"}},{"type":"Feature","geometry":{"type":"Point","coordinates":[-69.0837210885409,-16.16645804156074]},"id":"204","properties":{"class":2,"class_name":"urban","latitude":-16.16645804156074,"longitude":-69.0837210885409,"polygon_id":"poly_1790854121267","sample_id":"sample_204","source":"polygon_grid"}},{"type":"Feature","geometry":{"type":"Point","coordinates":[-69.08278565831625,-16.1664584069994]},"id":"205","properties":{"class":2,"class_name":"urban","latitude":-16.1664584069994,"longitude":-69.08278565831625,"polygon_id":"poly_1790854121267","sample_id":"sample_205","source":"polygon_grid"}},{"type":"Feature","geometry":{"type":"Point","coordinates":[-69.08185022769145,-16.166458768647797]},"id":"206","properties":{"class":2,"class_name":"urban","latitude":-16.166458768647797,"longitude":-69.08185022769145,"polygon_id":"poly_1790854121267","sample_id":"sample_206","source":"polygon_grid"}},{"type":"Feature","geometry":{"type":"Point","coordinates":[-69.08091479700364,-16.16645912652086]},"id":"207","properties":{"class":2,"class_name":"urban","latitude":-16.16645912652086,"longitude":-69.08091479700364,"polygon_id":"poly_1790854121267","sample_id":"sample_207","source":"polygon_grid"}},{"type":"Feature","geometry":{"type":"Point","coordinates":[-69.08933326484124,-16.16555173470513]},"id":"208","properties":{"class":2,"class_name":"urban","latitude":-16.16555173470513,"longitude":-69.08933326484124,"polygon_id":"poly_1790854121267","sample_id":"sample_208","source":"polygon_grid"}},{"type":"Feature","geometry":{"type":"Point","coordinates":[-69.08839783838386,-16.165552125230334]},"id":"209","properties":{"class":2,"class_name":"urban","latitude":-16.165552125230334,"longitude":-69.08839783838386,"polygon_id":"poly_1790854121267","sample_id":"sample_209","source":"polygon_grid"}},{"type":"Feature","geometry":{"type":"Point","coordinates":[-69.08746241295533,-16.165552511262852]},"id":"210","properties":{"class":2,"class_name":"urban","latitude":-16.165552511262852,"longitude":-69.08746241295533,"polygon_id":"poly_1790854121267","sample_id":"sample_210","source":"polygon_grid"}},{"type":"Feature","geometry":{"type":"Point","coordinates":[-69.08652698628643,-16.1655528931864]},"id":"211","properties":{"class":2,"class_name":"urban","latitude":-16.1655528931864,"longitude":-69.08652698628643,"polygon_id":"poly_1790854121267","sample_id":"sample_211","source":"polygon_grid"}},{"type":"Feature","geometry":{"type":"Point","coordinates":[-69.08559156032366,-16.165553271202594]},"id":"212","properties":{"class":2,"class_name":"urban","latitude":-16.165553271202594,"longitude":-69.08559156032366,"polygon_id":"poly_1790854121267","sample_id":"sample_212","source":"polygon_grid"}},{"type":"Feature","geometry":{"type":"Point","coordinates":[-69.08465613435582,-16.165553645317157]},"id":"213","properties":{"class":2,"class_name":"urban","latitude":-16.165553645317157,"longitude":-69.08465613435582,"polygon_id":"poly_1790854121267","sample_id":"sample_213","source":"polygon_grid"}},{"type":"Feature","geometry":{"type":"Point","coordinates":[-69.08372070802267,-16.165554015322385]},"id":"214","properties":{"class":2,"class_name":"urban","latitude":-16.165554015322385,"longitude":-69.08372070802267,"polygon_id":"poly_1790854121267","sample_id":"sample_214","source":"polygon_grid"}},{"type":"Feature","geometry":{"type":"Point","coordinates":[-69.0827852818013,-16.16555438119052]},"id":"215","properties":{"class":2,"class_name":"urban","latitude":-16.16555438119052,"longitude":-69.0827852818013,"polygon_id":"poly_1790854121267","sample_id":"sample_215","source":"polygon_grid"}},{"type":"Feature","geometry":{"type":"Point","coordinates":[-69.08184985568283,-16.16555474263552]},"id":"216","properties":{"class":2,"class_name":"urban","latitude":-16.16555474263552,"longitude":-69.08184985568283,"polygon_id":"poly_1790854121267","sample_id":"sample_216","source":"polygon_grid"}},{"type":"Feature","geometry":{"type":"Point","coordinates":[-69.08091442942154,-16.16555510004672]},"id":"217","properties":{"class":2,"class_name":"urban","latitude":-16.16555510004672,"longitude":-69.08091442942154,"polygon_id":"poly_1790854121267","sample_id":"sample_217","source":"polygon_grid"}},{"type":"Feature","geometry":{"type":"Point","coordinates":[-69.08839743658038,-16.16464809857442]},"id":"218","properties":{"class":2,"class_name":"urban","latitude":-16.16464809857442,"longitude":-69.08839743658038,"polygon_id":"poly_1790854121267","sample_id":"sample_218","source":"polygon_grid"}},{"type":"Feature","geometry":{"type":"Point","coordinates":[-69.08746201537457,-16.164648485009803]},"id":"219","properties":{"class":2,"class_name":"urban","latitude":-16.164648485009803,"longitude":-69.08746201537457,"polygon_id":"poly_1790854121267","sample_id":"sample_219","source":"polygon_grid"}},{"type":"Feature","geometry":{"type":"Point","coordinates":[-69.08652659288995,-16.164648867244473]},"id":"220","properties":{"class":2,"class_name":"urban","latitude":-16.164648867244473,"longitude":-69.08652659288995,"polygon_id":"poly_1790854121267","sample_id":"sample_220","source":"polygon_grid"}},{"type":"Feature","geometry":{"type":"Point","coordinates":[-69.085591171398,-16.16464924531209]},"id":"221","properties":{"class":2,"class_name":"urban","latitude":-16.16464924531209,"longitude":-69.085591171398,"polygon_id":"poly_1790854121267","sample_id":"sample_221","source":"polygon_grid"}},{"type":"Feature","geometry":{"type":"Point","coordinates":[-69.08465574952136,-16.1646496191192]},"id":"222","properties":{"class":2,"class_name":"urban","latitude":-16.1646496191192,"longitude":-69.08465574952136,"polygon_id":"poly_1790854121267","sample_id":"sample_222","source":"polygon_grid"}},{"type":"Feature","geometry":{"type":"Point","coordinates":[-69.08372032765837,-16.164649988872952]},"id":"223","properties":{"class":2,"class_name":"urban","latitude":-16.164649988872952,"longitude":-69.08372032765837,"polygon_id":"poly_1790854121267","sample_id":"sample_223","source":"polygon_grid"}},{"type":"Feature","geometry":{"type":"Point","coordinates":[-69.08278490560807,-16.164650354677104]},"id":"224","properties":{"class":2,"class_name":"urban","latitude":-16.164650354677104,"longitude":-69.08278490560807,"polygon_id":"poly_1790854121267","sample_id":"sample_224","source":"polygon_grid"}},{"type":"Feature","geometry":{"type":"Point","coordinates":[-69.08184948336213,-16.164650716247127]},"id":"225","properties":{"class":2,"class_name":"urban","latitude":-16.164650716247127,"longitude":-69.08184948336213,"polygon_id":"poly_1790854121267","sample_id":"sample_225","source":"polygon_grid"}},{"type":"Feature","geometry":{"type":"Point","coordinates":[-69.08091406179678,-16.16465107369439]},"id":"226","properties":{"class":2,"class_name":"urban","latitude":-16.16465107369439,"longitude":-69.08091406179678,"polygon_id":"poly_1790854121267","sample_id":"sample_226","source":"polygon_grid"}},{"type":"Feature","geometry":{"type":"Point","coordinates":[-69.08746161742602,-16.163744458630827]},"id":"227","properties":{"class":2,"class_name":"urban","latitude":-16.163744458630827,"longitude":-69.08746161742602,"polygon_id":"poly_1790854121267","sample_id":"sample_227","source":"polygon_grid"}},{"type":"Feature","geometry":{"type":"Point","coordinates":[-69.0865261999484,-16.163744840544638]},"id":"228","properties":{"class":2,"class_name":"urban","latitude":-16.163744840544638,"longitude":-69.0865261999484,"polygon_id":"poly_1790854121267","sample_id":"sample_228","source":"polygon_grid"}},{"type":"Feature","geometry":{"type":"Point","coordinates":[-69.08559078219093,-16.163745218635217]},"id":"229","properties":{"class":2,"class_name":"urban","latitude":-16.163745218635217,"longitude":-69.08559078219093,"polygon_id":"poly_1790854121267","sample_id":"sample_229","source":"polygon_grid"}},{"type":"Feature","geometry":{"type":"Point","coordinates":[-69.08465536489274,-16.163745592587027]},"id":"230","properties":{"class":2,"class_name":"urban","latitude":-16.163745592587027,"longitude":-69.08465536489274,"polygon_id":"poly_1790854121267","sample_id":"sample_230","source":"polygon_grid"}},{"type":"Feature","geometry":{"type":"Point","coordinates":[-69.08746121980043,-16.162840432373134]},"id":"231","properties":{"class":2,"class_name":"urban","latitude":-16.162840432373134,"longitude":-69.08746121980043,"polygon_id":"poly_1790854121267","sample_id":"sample_231","source":"polygon_grid"}},{"type":"Feature","geometry":{"type":"Point","coordinates":[-69.08652580686632,-16.16284081468811]},"id":"232","properties":{"class":2,"class_name":"urban","latitude":-16.16284081468811,"longitude":-69.08652580686632,"polygon_id":"poly_1790854121267","sample_id":"sample_232","source":"polygon_grid"}},{"type":"Feature","geometry":{"type":"Point","coordinates":[-69.0855903932201,-16.16284119275464]},"id":"233","properties":{"class":2,"class_name":"urban","latitude":-16.16284119275464,"longitude":-69.0855903932201,"polygon_id":"poly_1790854121267","sample_id":"sample_233","source":"polygon_grid"}},{"type":"Feature","geometry":{"type":"Point","coordinates":[-69.08465497996065,-16.162841566406]},"id":"234","properties":{"class":2,"class_name":"urban","latitude":-16.162841566406,"longitude":-69.08465497996065,"polygon_id":"poly_1790854121267","sample_id":"sample_234","source":"polygon_grid"}},{"type":"Feature","geometry":{"type":"Point","coordinates":[-69.07155984071787,-16.164654422360357]},"id":"235","properties":{"class":3,"class_name":"agriculture","latitude":-16.164654422360357,"longitude":-69.07155984071787,"polygon_id":"poly_1790854182579","sample_id":"sample_235","source":"polygon_grid"}},{"type":"Feature","geometry":{"type":"Point","coordinates":[-69.07249493285417,-16.163750079331948]},"id":"236","properties":{"class":3,"class_name":"agriculture","latitude":-16.163750079331948,"longitude":-69.07249493285417,"polygon_id":"poly_1790854182579","sample_id":"sample_236","source":"polygon_grid"}},{"type":"Feature","geometry":{"type":"Point","coordinates":[-69.07155951560378,-16.16375039572527]},"id":"237","properties":{"class":3,"class_name":"agriculture","latitude":-16.16375039572527,"longitude":-69.07155951560378,"polygon_id":"poly_1790854182579","sample_id":"sample_237","source":"polygon_grid"}},{"type":"Feature","geometry":{"type":"Point","coordinates":[-69.07062409692394,-16.163750707995643]},"id":"238","properties":{"class":3,"class_name":"agriculture","latitude":-16.163750707995643,"longitude":-69.07062409692394,"polygon_id":"poly_1790854182579","sample_id":"sample_238","source":"polygon_grid"}},{"type":"Feature","geometry":{"type":"Point","coordinates":[-69.07343001731412,-16.16284573237264]},"id":"239","properties":{"class":3,"class_name":"agriculture","latitude":-16.16284573237264,"longitude":-69.07343001731412,"polygon_id":"poly_1790854182579","sample_id":"sample_239","source":"polygon_grid"}},{"type":"Feature","geometry":{"type":"Point","coordinates":[-69.07249460385563,-16.162846053061713]},"id":"240","properties":{"class":3,"class_name":"agriculture","latitude":-16.162846053061713,"longitude":-69.07249460385563,"polygon_id":"poly_1790854182579","sample_id":"sample_240","source":"polygon_grid"}},{"type":"Feature","geometry":{"type":"Point","coordinates":[-69.07155918993237,-16.16284636941953]},"id":"241","properties":{"class":3,"class_name":"agriculture","latitude":-16.16284636941953,"longitude":-69.07155918993237,"polygon_id":"poly_1790854182579","sample_id":"sample_241","source":"polygon_grid"}},{"type":"Feature","geometry":{"type":"Point","coordinates":[-69.07062377611177,-16.162846681381822]},"id":"242","properties":{"class":3,"class_name":"agriculture","latitude":-16.162846681381822,"longitude":-69.07062377611177,"polygon_id":"poly_1790854182579","sample_id":"sample_242","source":"polygon_grid"}},{"type":"Feature","geometry":{"type":"Point","coordinates":[-69.07436509362718,-16.16194138098696]},"id":"243","properties":{"class":3,"class_name":"agriculture","latitude":-16.16194138098696,"longitude":-69.07436509362718,"polygon_id":"poly_1790854182579","sample_id":"sample_243","source":"polygon_grid"}},{"type":"Feature","geometry":{"type":"Point","coordinates":[-69.07342968339846,-16.16194170563128]},"id":"244","properties":{"class":3,"class_name":"agriculture","latitude":-16.16194170563128,"longitude":-69.07342968339846,"polygon_id":"poly_1790854182579","sample_id":"sample_244","source":"polygon_grid"}},{"type":"Feature","geometry":{"type":"Point","coordinates":[-69.07249427450344,-16.1619420257419]},"id":"245","properties":{"class":3,"class_name":"agriculture","latitude":-16.1619420257419,"longitude":-69.07249427450344,"polygon_id":"poly_1790854182579","sample_id":"sample_245","source":"polygon_grid"}},{"type":"Feature","geometry":{"type":"Point","coordinates":[-69.0715588645372,-16.161942341985487]},"id":"246","properties":{"class":3,"class_name":"agriculture","latitude":-16.161942341985487,"longitude":-69.0715588645372,"polygon_id":"poly_1790854182579","sample_id":"sample_246","source":"polygon_grid"}},{"type":"Feature","geometry":{"type":"Point","coordinates":[-69.0706234553167,-16.16194265446007]},"id":"247","properties":{"class":3,"class_name":"agriculture","latitude":-16.16194265446007,"longitude":-69.0706234553167,"polygon_id":"poly_1790854182579","sample_id":"sample_247","source":"polygon_grid"}},{"type":"Feature","geometry":{"type":"Point","coordinates":[-69.06968804562526,-16.16194296263939]},"id":"248","properties":{"class":3,"class_name":"agriculture","latitude":-16.16194296263939,"longitude":-69.06968804562526,"polygon_id":"poly_1790854182579","sample_id":"sample_248","source":"polygon_grid"}},{"type":"Feature","geometry":{"type":"Point","coordinates":[-69.07530016056613,-16.161037025765825]},"id":"249","properties":{"class":3,"class_name":"agriculture","latitude":-16.161037025765825,"longitude":-69.07530016056613,"polygon_id":"poly_1790854182579","sample_id":"sample_249","source":"polygon_grid"}},{"type":"Feature","geometry":{"type":"Point","coordinates":[-69.07436475545846,-16.161037354489963]},"id":"250","properties":{"class":3,"class_name":"agriculture","latitude":-16.161037354489963,"longitude":-69.07436475545846,"polygon_id":"poly_1790854182579","sample_id":"sample_250","source":"polygon_grid"}},{"type":"Feature","geometry":{"type":"Point","coordinates":[-69.07342934963953,-16.16103767863298]},"id":"251","properties":{"class":3,"class_name":"agriculture","latitude":-16.16103767863298,"longitude":-69.07342934963953,"polygon_id":"poly_1790854182579","sample_id":"sample_251","source":"polygon_grid"}},{"type":"Feature","geometry":{"type":"Point","coordinates":[-69.07249394463605,-16.161037998901786]},"id":"252","properties":{"class":3,"class_name":"agriculture","latitude":-16.161037998901786,"longitude":-69.07249394463605,"polygon_id":"poly_1790854182579","sample_id":"sample_252","source":"polygon_grid"}},{"type":"Feature","geometry":{"type":"Point","coordinates":[-69.07155853983618,-16.161038315352734]},"id":"253","properties":{"class":3,"class_name":"agriculture","latitude":-16.161038315352734,"longitude":-69.07155853983618,"polygon_id":"poly_1790854182579","sample_id":"sample_253","source":"polygon_grid"}},{"type":"Feature","geometry":{"type":"Point","coordinates":[-69.07062313437207,-16.16103862775851]},"id":"254","properties":{"class":3,"class_name":"agriculture","latitude":-16.16103862775851,"longitude":-69.07062313437207,"polygon_id":"poly_1790854182579","sample_id":"sample_254","source":"polygon_grid"}},{"type":"Feature","geometry":{"type":"Point","coordinates":[-69.06968772898722,-16.161038935824934]},"id":"255","properties":{"class":3,"class_name":"agriculture","latitude":-16.161038935824934,"longitude":-69.06968772898722,"polygon_id":"poly_1790854182579","sample_id":"sample_255","source":"polygon_grid"}},{"type":"Feature","geometry":{"type":"Point","coordinates":[-69.07623521909248,-16.160132665594634]},"id":"256","properties":{"class":3,"class_name":"agriculture","latitude":-16.160132665594634,"longitude":-69.07623521909248,"polygon_id":"poly_1790854182579","sample_id":"sample_256","source":"polygon_grid"}},{"type":"Feature","geometry":{"type":"Point","coordinates":[-69.07529981872756,-16.16013299849684]},"id":"257","properties":{"class":3,"class_name":"agriculture","latitude":-16.16013299849684,"longitude":-69.07529981872756,"polygon_id":"poly_1790854182579","sample_id":"sample_257","source":"polygon_grid"}},{"type":"Feature","geometry":{"type":"Point","coordinates":[-69.07436441717644,-16.160133326990973]},"id":"258","properties":{"class":3,"class_name":"agriculture","latitude":-16.160133326990973,"longitude":-69.07436441717644,"polygon_id":"poly_1790854182579","sample_id":"sample_258","source":"polygon_grid"}},{"type":"Feature","geometry":{"type":"Point","coordinates":[-69.07342901592867,-16.160133651494313]},"id":"259","properties":{"class":3,"class_name":"agriculture","latitude":-16.160133651494313,"longitude":-69.07342901592867,"polygon_id":"poly_1790854182579","sample_id":"sample_259","source":"polygon_grid"}},{"type":"Feature","geometry":{"type":"Point","coordinates":[-69.07249361541943,-16.16013397219407]},"id":"260","properties":{"class":3,"class_name":"agriculture","latitude":-16.16013397219407,"longitude":-69.07249361541943,"polygon_id":"poly_1790854182579","sample_id":"sample_260","source":"polygon_grid"}},{"type":"Feature","geometry":{"type":"Point","coordinates":[-69.07155821476027,-16.160134288623716]},"id":"261","properties":{"class":3,"class_name":"agriculture","latitude":-16.160134288623716,"longitude":-69.07155821476027,"polygon_id":"poly_1790854182579","sample_id":"sample_261","source":"polygon_grid"}},{"type":"Feature","geometry":{"type":"Point","coordinates":[-69.07062281366196,-16.160134600888515]},"id":"262","properties":{"class":3,"class_name":"agriculture","latitude":-16.160134600888515,"longitude":-69.07062281366196,"polygon_id":"poly_1790854182579","sample_id":"sample_262","source":"polygon_grid"}},{"type":"Feature","geometry":{"type":"Point","coordinates":[-69.06968741210306,-16.16013490898193]},"id":"263","properties":{"class":3,"class_name":"agriculture","latitude":-16.16013490898193,"longitude":-69.06968741210306,"polygon_id":"poly_1790854182579","sample_id":"sample_263","source":"polygon_grid"}},{"type":"Feature","geometry":{"type":"Point","coordinates":[-69.06875201148756,-16.160135212771703]},"id":"264","properties":{"class":3,"class_name":"agriculture","latitude":-16.160135212771703,"longitude":-69.06875201148756,"polygon_id":"poly_1790854182579","sample_id":"sample_264","source":"polygon_grid"}},{"type":"Feature","geometry":{"type":"Point","coordinates":[-69.07810566568332,-16.15922796154242]},"id":"265","properties":{"class":3,"class_name":"agriculture","latitude":-16.15922796154242,"longitude":-69.07810566568332,"polygon_id":"poly_1790854182579","sample_id":"sample_265","source":"polygon_grid"}},{"type":"Feature","geometry":{"type":"Point","coordinates":[-69.07717026883775,-16.15922830226559]},"id":"266","properties":{"class":3,"class_name":"agriculture","latitude":-16.15922830226559,"longitude":-69.07717026883775,"polygon_id":"poly_1790854182579","sample_id":"sample_266","source":"polygon_grid"}},{"type":"Feature","geometry":{"type":"Point","coordinates":[-69.07623487287928,-16.159228639081434]},"id":"267","properties":{"class":3,"class_name":"agriculture","latitude":-16.159228639081434,"longitude":-69.07623487287928,"polygon_id":"poly_1790854182579","sample_id":"sample_267","source":"polygon_grid"}},{"type":"Feature","geometry":{"type":"Point","coordinates":[-69.07529947629597,-16.159228971509105]},"id":"268","properties":{"class":3,"class_name":"agriculture","latitude":-16.159228971509105,"longitude":-69.07529947629597,"polygon_id":"poly_1790854182579","sample_id":"sample_268","source":"polygon_grid"}},{"type":"Feature","geometry":{"type":"Point","coordinates":[-69.07436407951174,-16.159229300176097]},"id":"269","properties":{"class":3,"class_name":"agriculture","latitude":-16.159229300176097,"longitude":-69.07436407951174,"polygon_id":"poly_1790854182579","sample_id":"sample_269","source":"polygon_grid"}},{"type":"Feature","geometry":{"type":"Point","coordinates":[-69.07342868234986,-16.159229624954836]},"id":"270","properties":{"class":3,"class_name":"agriculture","latitude":-16.159229624954836,"longitude":-69.07342868234986,"polygon_id":"poly_1790854182579","sample_id":"sample_270","source":"polygon_grid"}},{"type":"Feature","geometry":{"type":"Point","coordinates":[-69.07249328628812,-16.159229945352813]},"id":"271","properties":{"class":3,"class_name":"agriculture","latitude":-16.159229945352813,"longitude":-69.07249328628812,"polygon_id":"poly_1790854182579","sample_id":"sample_271","source":"polygon_grid"}},{"type":"Feature","geometry":{"type":"Point","coordinates":[-69.07155788878367,-16.15923026135218]},"id":"272","properties":{"class":3,"class_name":"agriculture","latitude":-16.15923026135218,"longitude":-69.07155788878367,"polygon_id":"poly_1790854182579","sample_id":"sample_272","source":"polygon_grid"}},{"type":"Feature","geometry":{"type":"Point","coordinates":[-69.07062249287281,-16.159230573150044]},"id":"273","properties":{"class":3,"class_name":"agriculture","latitude":-16.159230573150044,"longitude":-69.07062249287281,"polygon_id":"poly_1790854182579","sample_id":"sample_273","source":"polygon_grid"}},{"type":"Feature","geometry":{"type":"Point","coordinates":[-69.069687095461,-16.159230881297876]},"id":"274","properties":{"class":3,"class_name":"agriculture","latitude":-16.159230881297876,"longitude":-69.069687095461,"polygon_id":"poly_1790854182579","sample_id":"sample_274","source":"polygon_grid"}},{"type":"Feature","geometry":{"type":"Point","coordinates":[-69.0687516990651,-16.159231185405663]},"id":"275","properties":{"class":3,"class_name":"agriculture","latitude":-16.159231185405663,"longitude":-69.0687516990651,"polygon_id":"poly_1790854182579","sample_id":"sample_275","source":"polygon_grid"}},{"type":"Feature","geometry":{"type":"Point","coordinates":[-69.0771699183674,-16.158324275194083]},"id":"276","properties":{"class":3,"class_name":"agriculture","latitude":-16.158324275194083,"longitude":-69.0771699183674,"polygon_id":"poly_1790854182579","sample_id":"sample_276","source":"polygon_grid"}},{"type":"Feature","geometry":{"type":"Point","coordinates":[-69.07623452584028,-16.158324611897214]},"id":"277","properties":{"class":3,"class_name":"agriculture","latitude":-16.158324611897214,"longitude":-69.07623452584028,"polygon_id":"poly_1790854182579","sample_id":"sample_277","source":"polygon_grid"}},{"type":"Feature","geometry":{"type":"Point","coordinates":[-69.07529913415347,-16.158324944609397]},"id":"278","properties":{"class":3,"class_name":"agriculture","latitude":-16.158324944609397,"longitude":-69.07529913415347,"polygon_id":"poly_1790854182579","sample_id":"sample_278","source":"polygon_grid"}},{"type":"Feature","geometry":{"type":"Point","coordinates":[-69.07436374169782,-16.15832527315688]},"id":"279","properties":{"class":3,"class_name":"agriculture","latitude":-16.15832527315688,"longitude":-69.07436374169782,"polygon_id":"poly_1790854182579","sample_id":"sample_279","source":"polygon_grid"}},{"type":"Feature","geometry":{"type":"Point","coordinates":[-69.07342834886194,-16.158325597525952]},"id":"280","properties":{"class":3,"class_name":"agriculture","latitude":-16.158325597525952,"longitude":-69.07342834886194,"polygon_id":"poly_1790854182579","sample_id":"sample_280","source":"polygon_grid"}},{"type":"Feature","geometry":{"type":"Point","coordinates":[-69.0724929569189,-16.15832591800778]},"id":"281","properties":{"class":3,"class_name":"agriculture","latitude":-16.15832591800778,"longitude":-69.0724929569189,"polygon_id":"poly_1790854182579","sample_id":"sample_281","source":"polygon_grid"}},{"type":"Feature","geometry":{"type":"Point","coordinates":[-69.07155756388696,-16.15832623435817]},"id":"282","properties":{"class":3,"class_name":"agriculture","latitude":-16.15832623435817,"longitude":-69.07155756388696,"polygon_id":"poly_1790854182579","sample_id":"sample_282","source":"polygon_grid"}},{"type":"Feature","geometry":{"type":"Point","coordinates":[-69.07062217162105,-16.158326546329327]},"id":"283","properties":{"class":3,"class_name":"agriculture","latitude":-16.158326546329327,"longitude":-69.07062217162105,"polygon_id":"poly_1790854182579","sample_id":"sample_283","source":"polygon_grid"}},{"type":"Feature","geometry":{"type":"Point","coordinates":[-69.06968677920646,-16.158326854275284]},"id":"284","properties":{"class":3,"class_name":"agriculture","latitude":-16.158326854275284,"longitude":-69.06968677920646,"polygon_id":"poly_1790854182579","sample_id":"sample_284","source":"polygon_grid"}},{"type":"Feature","geometry":{"type":"Point","coordinates":[-69.06875138683188,-16.15832715854128]},"id":"285","properties":{"class":3,"class_name":"agriculture","latitude":-16.15832715854128,"longitude":-69.06875138683188,"polygon_id":"poly_1790854182579","sample_id":"sample_285","source":"polygon_grid"}},{"type":"Feature","geometry":{"type":"Point","coordinates":[-69.06781599428655,-16.158327458510563]},"id":"286","properties":{"class":3,"class_name":"agriculture","latitude":-16.158327458510563,"longitude":-69.06781599428655,"polygon_id":"poly_1790854182579","sample_id":"sample_286","source":"polygon_grid"}},{"type":"Feature","geometry":{"type":"Point","coordinates":[-69.07716956793891,-16.157420248061552]},"id":"287","properties":{"class":3,"class_name":"agriculture","latitude":-16.157420248061552,"longitude":-69.07716956793891,"polygon_id":"poly_1790854182579","sample_id":"sample_287","source":"polygon_grid"}},{"type":"Feature","geometry":{"type":"Point","coordinates":[-69.07623417978925,-16.157420584972222]},"id":"288","properties":{"class":3,"class_name":"agriculture","latitude":-16.157420584972222,"longitude":-69.07623417978925,"polygon_id":"poly_1790854182579","sample_id":"sample_288","source":"polygon_grid"}},{"type":"Feature","geometry":{"type":"Point","coordinates":[-69.07529879210315,-16.15742091754345]},"id":"289","properties":{"class":3,"class_name":"agriculture","latitude":-16.15742091754345,"longitude":-69.07529879210315,"polygon_id":"poly_1790854182579","sample_id":"sample_289","source":"polygon_grid"}},{"type":"Feature","geometry":{"type":"Point","coordinates":[-69.07436340360252,-16.15742124595001]},"id":"290","properties":{"class":3,"class_name":"agriculture","latitude":-16.15742124595001,"longitude":-69.07436340360252,"polygon_id":"poly_1790854182579","sample_id":"sample_290","source":"polygon_grid"}},{"type":"Feature","geometry":{"type":"Point","coordinates":[-69.07342801577343,-16.157421570761976]},"id":"291","properties":{"class":3,"class_name":"agriculture","latitude":-16.157421570761976,"longitude":-69.07342801577343,"polygon_id":"poly_1790854182579","sample_id":"sample_291","source":"polygon_grid"}},{"type":"Feature","geometry":{"type":"Point","coordinates":[-69.07249262721706,-16.15742189114567]},"id":"292","properties":{"class":3,"class_name":"agriculture","latitude":-16.15742189114567,"longitude":-69.07249262721706,"polygon_id":"poly_1790854182579","sample_id":"sample_292","source":"polygon_grid"}},{"type":"Feature","geometry":{"type":"Point","coordinates":[-69.0715572391388,-16.15742220729507]},"id":"293","properties":{"class":3,"class_name":"agriculture","latitude":-16.15742220729507,"longitude":-69.0715572391388,"polygon_id":"poly_1790854182579","sample_id":"sample_293","source":"polygon_grid"}},{"type":"Feature","geometry":{"type":"Point","coordinates":[-69.07062185049526,-16.157422519682477]},"id":"294","properties":{"class":3,"class_name":"agriculture","latitude":-16.157422519682477,"longitude":-69.07062185049526,"polygon_id":"poly_1790854182579","sample_id":"sample_294","source":"polygon_grid"}},{"type":"Feature","geometry":{"type":"Point","coordinates":[-69.06968646259577,-16.157422827535076]},"id":"295","properties":{"class":3,"class_name":"agriculture","latitude":-16.157422827535076,"longitude":-69.06968646259577,"polygon_id":"poly_1790854182579","sample_id":"sample_295","source":"polygon_grid"}},{"type":"Feature","geometry":{"type":"Point","coordinates":[-69.06875107462153,-16.15742313125079]},"id":"296","properties":{"class":3,"class_name":"agriculture","latitude":-16.15742313125079,"longitude":-69.06875107462153,"polygon_id":"poly_1790854182579","sample_id":"sample_296","source":"polygon_grid"}},{"type":"Feature","geometry":{"type":"Point","coordinates":[-69.06781568599642,-16.157423430878858]},"id":"297","properties":{"class":3,"class_name":"agriculture","latitude":-16.157423430878858,"longitude":-69.06781568599642,"polygon_id":"poly_1790854182579","sample_id":"sample_297","source":"polygon_grid"}},{"type":"Feature","geometry":{"type":"Point","coordinates":[-69.07623383345995,-16.156516557858872]},"id":"298","properties":{"class":3,"class_name":"agriculture","latitude":-16.156516557858872,"longitude":-69.07623383345995,"polygon_id":"poly_1790854182579","sample_id":"sample_298","source":"polygon_grid"}},{"type":"Feature","geometry":{"type":"Point","coordinates":[-69.0752984496701,-16.156516890262594]},"id":"299","properties":{"class":3,"class_name":"agriculture","latitude":-16.156516890262594,"longitude":-69.0752984496701,"polygon_id":"poly_1790854182579","sample_id":"sample_299","source":"polygon_grid"}},{"type":"Feature","geometry":{"type":"Point","coordinates":[-69.07436306578835,-16.156517218633173]},"id":"300","properties":{"class":3,"class_name":"agriculture","latitude":-16.156517218633173,"longitude":-69.07436306578835,"polygon_id":"poly_1790854182579","sample_id":"sample_300","source":"polygon_grid"}},{"type":"Feature","geometry":{"type":"Point","coordinates":[-69.07342768240271,-16.1565175429223]},"id":"301","properties":{"class":3,"class_name":"agriculture","latitude":-16.1565175429223,"longitude":-69.07342768240271,"polygon_id":"poly_1790854182579","sample_id":"sample_301","source":"polygon_grid"}},{"type":"Feature","geometry":{"type":"Point","coordinates":[-69.07249229779504,-16.156517863324936]},"id":"302","properties":{"class":3,"class_name":"agriculture","latitude":-16.156517863324936,"longitude":-69.07249229779504,"polygon_id":"poly_1790854182579","sample_id":"sample_302","source":"polygon_grid"}},{"type":"Feature","geometry":{"type":"Point","coordinates":[-69.07155691415363,-16.15651817963942]},"id":"303","properties":{"class":3,"class_name":"agriculture","latitude":-16.15651817963942,"longitude":-69.07155691415363,"polygon_id":"poly_1790854182579","sample_id":"sample_303","source":"polygon_grid"}},{"type":"Feature","geometry":{"type":"Point","coordinates":[-69.07062152976364,-16.156518491685468]},"id":"304","properties":{"class":3,"class_name":"agriculture","latitude":-16.156518491685468,"longitude":-69.07062152976364,"polygon_id":"poly_1790854182579","sample_id":"sample_304","source":"polygon_grid"}},{"type":"Feature","geometry":{"type":"Point","coordinates":[-69.06968614617584,-16.15651880011536]},"id":"305","properties":{"class":3,"class_name":"agriculture","latitude":-16.15651880011536,"longitude":-69.06968614617584,"polygon_id":"poly_1790854182579","sample_id":"sample_305","source":"polygon_grid"}},{"type":"Feature","geometry":{"type":"Point","coordinates":[-69.06875076185219,-16.156519103956224]},"id":"306","properties":{"class":3,"class_name":"agriculture","latitude":-16.156519103956224,"longitude":-69.06875076185219,"polygon_id":"poly_1790854182579","sample_id":"sample_306","source":"polygon_grid"}},{"type":"Feature","geometry":{"type":"Point","coordinates":[-69.0678153780639,-16.156519403660024]},"id":"307","properties":{"class":3,"class_name":"agriculture","latitude":-16.156519403660024,"longitude":-69.0678153780639,"polygon_id":"poly_1790854182579","sample_id":"sample_307","source":"polygon_grid"}},{"type":"Feature","geometry":{"type":"Point","coordinates":[-69.06687999362933,-16.156519699475766]},"id":"308","properties":{"class":3,"class_name":"agriculture","latitude":-16.156519699475766,"longitude":-69.06687999362933,"polygon_id":"poly_1790854182579","sample_id":"sample_308","source":"polygon_grid"}},{"type":"Feature","geometry":{"type":"Point","coordinates":[-69.07529810725691,-16.155612863143862]},"id":"309","properties":{"class":3,"class_name":"agriculture","latitude":-16.155612863143862,"longitude":-69.07529810725691,"polygon_id":"poly_1790854182579","sample_id":"sample_309","source":"polygon_grid"}},{"type":"Feature","geometry":{"type":"Point","coordinates":[-69.07436272813163,-16.155613191639194]},"id":"310","properties":{"class":3,"class_name":"agriculture","latitude":-16.155613191639194,"longitude":-69.07436272813163,"polygon_id":"poly_1790854182579","sample_id":"sample_310","source":"polygon_grid"}},{"type":"Feature","geometry":{"type":"Point","coordinates":[-69.07342734851896,-16.15561351603239]},"id":"311","properties":{"class":3,"class_name":"agriculture","latitude":-16.15561351603239,"longitude":-69.07342734851896,"polygon_id":"poly_1790854182579","sample_id":"sample_311","source":"polygon_grid"}},{"type":"Feature","geometry":{"type":"Point","coordinates":[-69.07249196874011,-16.155613836198075]},"id":"312","properties":{"class":3,"class_name":"agriculture","latitude":-16.155613836198075,"longitude":-69.07249196874011,"polygon_id":"poly_1790854182579","sample_id":"sample_312","source":"polygon_grid"}},{"type":"Feature","geometry":{"type":"Point","coordinates":[-69.07155658902487,-16.155614152483388]},"id":"313","properties":{"class":3,"class_name":"agriculture","latitude":-16.155614152483388,"longitude":-69.07155658902487,"polygon_id":"poly_1790854182579","sample_id":"sample_313","source":"polygon_grid"}},{"type":"Feature","geometry":{"type":"Point","coordinates":[-69.07062120899725,-16.155614464623987]},"id":"314","properties":{"class":3,"class_name":"agriculture","latitude":-16.155614464623987,"longitude":-69.07062120899725,"polygon_id":"poly_1790854182579","sample_id":"sample_314","source":"polygon_grid"}},{"type":"Feature","geometry":{"type":"Point","coordinates":[-69.06968582990471,-16.15561477251008]},"id":"315","properties":{"class":3,"class_name":"agriculture","latitude":-16.15561477251008,"longitude":-69.06968582990471,"polygon_id":"poly_1790854182579","sample_id":"sample_315","source":"polygon_grid"}},{"type":"Feature","geometry":{"type":"Point","coordinates":[-69.06875044929438,-16.15561507649621]},"id":"316","properties":{"class":3,"class_name":"agriculture","latitude":-16.15561507649621,"longitude":-69.06875044929438,"polygon_id":"poly_1790854182579","sample_id":"sample_316","source":"polygon_grid"}},{"type":"Feature","geometry":{"type":"Point","coordinates":[-69.06781507008135,-16.155615376205294]},"id":"317","properties":{"class":3,"class_name":"agriculture","latitude":-16.155615376205294,"longitude":-69.06781507008135,"polygon_id":"poly_1790854182579","sample_id":"sample_317","source":"polygon_grid"}},{"type":"Feature","geometry":{"type":"Point","coordinates":[-69.07436239028266,-16.15470916443169]},"id":"318","properties":{"class":3,"class_name":"agriculture","latitude":-16.15470916443169,"longitude":-69.07436239028266,"polygon_id":"poly_1790854182579","sample_id":"sample_318","source":"polygon_grid"}},{"type":"Feature","geometry":{"type":"Point","coordinates":[-69.07342701491578,-16.15470948872642]},"id":"319","properties":{"class":3,"class_name":"agriculture","latitude":-16.15470948872642,"longitude":-69.07342701491578,"polygon_id":"poly_1790854182579","sample_id":"sample_319","source":"polygon_grid"}},{"type":"Feature","geometry":{"type":"Point","coordinates":[-69.07249163937493,-16.154709809022638]},"id":"320","properties":{"class":3,"class_name":"agriculture","latitude":-16.154709809022638,"longitude":-69.07249163937493,"polygon_id":"poly_1790854182579","sample_id":"sample_320","source":"polygon_grid"}},{"type":"Feature","geometry":{"type":"Point","coordinates":[-69.07155626405864,-16.154710125119305]},"id":"321","properties":{"class":3,"class_name":"agriculture","latitude":-16.154710125119305,"longitude":-69.07155626405864,"polygon_id":"poly_1790854182579","sample_id":"sample_321","source":"polygon_grid"}},{"type":"Feature","geometry":{"type":"Point","coordinates":[-69.07062088826906,-16.1547104372811]},"id":"322","properties":{"class":3,"class_name":"agriculture","latitude":-16.1547104372811,"longitude":-69.07062088826906,"polygon_id":"poly_1790854182579","sample_id":"sample_322","source":"polygon_grid"}},{"type":"Feature","geometry":{"type":"Point","coordinates":[-69.069685513205,-16.154710745263277]},"id":"323","properties":{"class":3,"class_name":"agriculture","latitude":-16.154710745263277,"longitude":-69.069685513205,"polygon_id":"poly_1790854182579","sample_id":"sample_323","source":"polygon_grid"}},{"type":"Feature","geometry":{"type":"Point","coordinates":[-69.07436205229952,-16.153805136644362]},"id":"324","properties":{"class":3,"class_name":"agriculture","latitude":-16.153805136644362,"longitude":-69.07436205229952,"polygon_id":"poly_1790854182579","sample_id":"sample_324","source":"polygon_grid"}},{"type":"Feature","geometry":{"type":"Point","coordinates":[-69.07342668149026,-16.153805461000353]},"id":"325","properties":{"class":3,"class_name":"agriculture","latitude":-16.153805461000353,"longitude":-69.07342668149026,"polygon_id":"poly_1790854182579","sample_id":"sample_325","source":"polygon_grid"}},{"type":"Feature","geometry":{"type":"Point","coordinates":[-69.07249131009343,-16.1538057813379]},"id":"326","properties":{"class":3,"class_name":"agriculture","latitude":-16.1538057813379,"longitude":-69.07249131009343,"polygon_id":"poly_1790854182579","sample_id":"sample_326","source":"polygon_grid"}},{"type":"Feature","geometry":{"type":"Point","coordinates":[-69.07155593897794,-16.15380609751699]},"id":"327","properties":{"class":3,"class_name":"agriculture","latitude":-16.15380609751699,"longitude":-69.07155593897794,"polygon_id":"poly_1790854182579","sample_id":"sample_327","source":"polygon_grid"}},{"type":"Feature","geometry":{"type":"Point","coordinates":[-69.07156244334601,-16.171886632821042]},"id":"328","properties":{"class":3,"class_name":"agriculture","latitude":-16.171886632821042,"longitude":-69.07156244334601,"polygon_id":"poly_1790854207736","sample_id":"sample_328","source":"polygon_grid"}},{"type":"Feature","geometry":{"type":"Point","coordinates":[-69.06968361406929,-16.149286578659407]},"id":"329","properties":{"class":4,"class_name":"vegetation","latitude":-16.149286578659407,"longitude":-69.06968361406929,"polygon_id":"poly_1790854252907","sample_id":"sample_329","source":"polygon_grid"}},{"type":"Feature","geometry":{"type":"Point","coordinates":[-69.06874826387583,-16.14928688242303]},"id":"330","properties":{"class":4,"class_name":"vegetation","latitude":-16.14928688242303,"longitude":-69.06874826387583,"polygon_id":"poly_1790854252907","sample_id":"sample_330","source":"polygon_grid"}},{"type":"Feature","geometry":{"type":"Point","coordinates":[-69.06968329796813,-16.148382550554846]},"id":"331","properties":{"class":4,"class_name":"vegetation","latitude":-16.148382550554846,"longitude":-69.06968329796813,"polygon_id":"poly_1790854252907","sample_id":"sample_331","source":"polygon_grid"}},{"type":"Feature","geometry":{"type":"Point","coordinates":[-69.07061832292808,-16.147478214721932]},"id":"332","properties":{"class":4,"class_name":"vegetation","latitude":-16.147478214721932,"longitude":-69.07061832292808,"polygon_id":"poly_1790854252907","sample_id":"sample_332","source":"polygon_grid"}},{"type":"Feature","geometry":{"type":"Point","coordinates":[-69.06968298165127,-16.147478522738076]},"id":"333","properties":{"class":4,"class_name":"vegetation","latitude":-16.147478522738076,"longitude":-69.06968298165127,"polygon_id":"poly_1790854252907","sample_id":"sample_333","source":"polygon_grid"}},{"type":"Feature","geometry":{"type":"Point","coordinates":[-69.0706180026834,-16.14657418702408]},"id":"334","properties":{"class":4,"class_name":"vegetation","latitude":-16.14657418702408,"longitude":-69.0706180026834,"polygon_id":"poly_1790854252907","sample_id":"sample_334","source":"polygon_grid"}},{"type":"Feature","geometry":{"type":"Point","coordinates":[-69.06968266481199,-16.146574494530395]},"id":"335","properties":{"class":4,"class_name":"vegetation","latitude":-16.146574494530395,"longitude":-69.06968266481199,"polygon_id":"poly_1790854252907","sample_id":"sample_335","source":"polygon_grid"}},{"type":"Feature","geometry":{"type":"Point","coordinates":[-69.07061768180805,-16.145670158603345]},"id":"336","properties":{"class":4,"class_name":"vegetation","latitude":-16.145670158603345,"longitude":-69.07061768180805,"polygon_id":"poly_1790854252907","sample_id":"sample_336","source":"polygon_grid"}},{"type":"Feature","geometry":{"type":"Point","coordinates":[-69.06968234845502,-16.14567046640323]},"id":"337","properties":{"class":4,"class_name":"vegetation","latitude":-16.14567046640323,"longitude":-69.06968234845502,"polygon_id":"poly_1790854252907","sample_id":"sample_337","source":"polygon_grid"}},{"type":"Feature","geometry":{"type":"Point","coordinates":[-69.0715526900113,-16.144765818129013]},"id":"338","properties":{"class":4,"class_name":"vegetation","latitude":-16.144765818129013,"longitude":-69.0715526900113,"polygon_id":"poly_1790854252907","sample_id":"sample_338","source":"polygon_grid"}},{"type":"Feature","geometry":{"type":"Point","coordinates":[-69.07061736120497,-16.14476613021623]},"id":"339","properties":{"class":4,"class_name":"vegetation","latitude":-16.14476613021623,"longitude":-69.07061736120497,"polygon_id":"poly_1790854252907","sample_id":"sample_339","source":"polygon_grid"}},{"type":"Feature","geometry":{"type":"Point","coordinates":[-69.06968203223023,-16.144766438033606]},"id":"340","properties":{"class":4,"class_name":"vegetation","latitude":-16.144766438033606,"longitude":-69.06968203223023,"polygon_id":"poly_1790854252907","sample_id":"sample_340","source":"polygon_grid"}},{"type":"Feature","geometry":{"type":"Point","coordinates":[-69.06875607453827,-16.17188755810771]},"id":"341","properties":{"class":4,"class_name":"vegetation","latitude":-16.17188755810771,"longitude":-69.06875607453827,"polygon_id":"poly_1790854278687","sample_id":"sample_341","source":"polygon_grid"}},{"type":"Feature","geometry":{"type":"Point","coordinates":[-69.06875576200747,-16.170983531912228]},"id":"342","properties":{"class":4,"class_name":"vegetation","latitude":-16.170983531912228,"longitude":-69.06875576200747,"polygon_id":"poly_1790854278687","sample_id":"sample_342","source":"polygon_grid"}},{"type":"Feature","geometry":{"type":"Point","coordinates":[-69.06969089672052,-16.170079201242352]},"id":"343","properties":{"class":4,"class_name":"vegetation","latitude":-16.170079201242352,"longitude":-69.06969089672052,"polygon_id":"poly_1790854278687","sample_id":"sample_343","source":"polygon_grid"}},{"type":"Feature","geometry":{"type":"Point","coordinates":[-69.0687554492897,-16.17007950553861]},"id":"344","properties":{"class":4,"class_name":"vegetation","latitude":-16.17007950553861,"longitude":-69.0687554492897,"polygon_id":"poly_1790854278687","sample_id":"sample_344","source":"polygon_grid"}},{"type":"Feature","geometry":{"type":"Point","coordinates":[-69.06594730706058,-16.164656234675533]},"id":"345","properties":{"class":4,"class_name":"vegetation","latitude":-16.164656234675533,"longitude":-69.06594730706058,"polygon_id":"poly_1790854288522","sample_id":"sample_345","source":"polygon_grid"}},{"type":"Feature","geometry":{"type":"Point","coordinates":[-69.06501188438186,-16.164656522373228]},"id":"346","properties":{"class":4,"class_name":"vegetation","latitude":-16.164656522373228,"longitude":-69.06501188438186,"polygon_id":"poly_1790854288522","sample_id":"sample_346","source":"polygon_grid"}},{"type":"Feature","geometry":{"type":"Point","coordinates":[-69.06407646189678,-16.164656805779735]},"id":"347","properties":{"class":4,"class_name":"vegetation","latitude":-16.164656805779735,"longitude":-69.06407646189678,"polygon_id":"poly_1790854288522","sample_id":"sample_347","source":"polygon_grid"}},{"type":"Feature","geometry":{"type":"Point","coordinates":[-69.06781784306067,-16.163751620180836]},"id":"348","properties":{"class":4,"class_name":"vegetation","latitude":-16.163751620180836,"longitude":-69.06781784306067,"polygon_id":"poly_1790854288522","sample_id":"sample_348","source":"polygon_grid"}},{"type":"Feature","geometry":{"type":"Point","coordinates":[-69.06688242517475,-16.163751915977528]},"id":"349","properties":{"class":4,"class_name":"vegetation","latitude":-16.163751915977528,"longitude":-69.06688242517475,"polygon_id":"poly_1790854288522","sample_id":"sample_349","source":"polygon_grid"}},{"type":"Feature","geometry":{"type":"Point","coordinates":[-69.06594700702117,-16.163752207777023]},"id":"350","properties":{"class":4,"class_name":"vegetation","latitude":-16.163752207777023,"longitude":-69.06594700702117,"polygon_id":"poly_1790854288522","sample_id":"sample_350","source":"polygon_grid"}},{"type":"Feature","geometry":{"type":"Point","coordinates":[-69.06501158909641,-16.163752495618933]},"id":"351","properties":{"class":4,"class_name":"vegetation","latitude":-16.163752495618933,"longitude":-69.06501158909641,"polygon_id":"poly_1790854288522","sample_id":"sample_351","source":"polygon_grid"}},{"type":"Feature","geometry":{"type":"Point","coordinates":[-69.06407617041006,-16.1637527791786]},"id":"352","properties":{"class":4,"class_name":"vegetation","latitude":-16.1637527791786,"longitude":-69.06407617041006,"polygon_id":"poly_1790854288522","sample_id":"sample_352","source":"polygon_grid"}},{"type":"Feature","geometry":{"type":"Point","coordinates":[-69.06781753494201,-16.162847593716826]},"id":"353","properties":{"class":4,"class_name":"vegetation","latitude":-16.162847593716826,"longitude":-69.06781753494201,"polygon_id":"poly_1790854288522","sample_id":"sample_353","source":"polygon_grid"}},{"type":"Feature","geometry":{"type":"Point","coordinates":[-69.06688212092895,-16.162847889387773]},"id":"354","properties":{"class":4,"class_name":"vegetation","latitude":-16.162847889387773,"longitude":-69.06688212092895,"polygon_id":"poly_1790854288522","sample_id":"sample_354","source":"polygon_grid"}},{"type":"Feature","geometry":{"type":"Point","coordinates":[-69.06594670745496,-16.16284818088642]},"id":"355","properties":{"class":4,"class_name":"vegetation","latitude":-16.16284818088642,"longitude":-69.06594670745496,"polygon_id":"poly_1790854288522","sample_id":"sample_355","source":"polygon_grid"}},{"type":"Feature","geometry":{"type":"Point","coordinates":[-69.0519133750472,-16.15471581658289]},"id":"356","properties":{"class":5,"class_name":"soil","latitude":-16.15471581658289,"longitude":-69.0519133750472,"polygon_id":"poly_1790854340810","sample_id":"sample_356","source":"polygon_grid"}},{"type":"Feature","geometry":{"type":"Point","coordinates":[-69.05097799928016,-16.154716042527138]},"id":"357","properties":{"class":5,"class_name":"soil","latitude":-16.154716042527138,"longitude":-69.05097799928016,"polygon_id":"poly_1790854340810","sample_id":"sample_357","source":"polygon_grid"}},{"type":"Feature","geometry":{"type":"Point","coordinates":[-69.0556546251232,-16.153810843937254]},"id":"358","properties":{"class":5,"class_name":"soil","latitude":-16.153810843937254,"longitude":-69.0556546251232,"polygon_id":"poly_1790854340810","sample_id":"sample_358","source":"polygon_grid"}},{"type":"Feature","geometry":{"type":"Point","coordinates":[-69.05471925390282,-16.153811086018578]},"id":"359","properties":{"class":5,"class_name":"soil","latitude":-16.153811086018578,"longitude":-69.05471925390282,"polygon_id":"poly_1790854340810","sample_id":"sample_359","source":"polygon_grid"}},{"type":"Feature","geometry":{"type":"Point","coordinates":[-69.05378388253328,-16.153811324476294]},"id":"360","properties":{"class":5,"class_name":"soil","latitude":-16.153811324476294,"longitude":-69.05378388253328,"polygon_id":"poly_1790854340810","sample_id":"sample_360","source":"polygon_grid"}},{"type":"Feature","geometry":{"type":"Point","coordinates":[-69.05284851016157,-16.153811558803984]},"id":"361","properties":{"class":5,"class_name":"soil","latitude":-16.153811558803984,"longitude":-69.05284851016157,"polygon_id":"poly_1790854340810","sample_id":"sample_361","source":"polygon_grid"}},{"type":"Feature","geometry":{"type":"Point","coordinates":[-69.05191313940425,-16.15381178863279]},"id":"362","properties":{"class":5,"class_name":"soil","latitude":-16.15381178863279,"longitude":-69.05191313940425,"polygon_id":"poly_1790854340810","sample_id":"sample_362","source":"polygon_grid"}},{"type":"Feature","geometry":{"type":"Point","coordinates":[-69.05097776733531,-16.153812014137117]},"id":"363","properties":{"class":5,"class_name":"soil","latitude":-16.153812014137117,"longitude":-69.05097776733531,"polygon_id":"poly_1790854340810","sample_id":"sample_363","source":"polygon_grid"}},{"type":"Feature","geometry":{"type":"Point","coordinates":[-69.05565437246408,-16.152906816462373]},"id":"364","properties":{"class":5,"class_name":"soil","latitude":-16.152906816462373,"longitude":-69.05565437246408,"polygon_id":"poly_1790854340810","sample_id":"sample_364","source":"polygon_grid"}},{"type":"Feature","geometry":{"type":"Point","coordinates":[-69.05471900515894,-16.152907058785082]},"id":"365","properties":{"class":5,"class_name":"soil","latitude":-16.152907058785082,"longitude":-69.05471900515894,"polygon_id":"poly_1790854340810","sample_id":"sample_365","source":"polygon_grid"}},{"type":"Feature","geometry":{"type":"Point","coordinates":[-69.05378363850912,-16.15290729665155]},"id":"366","properties":{"class":5,"class_name":"soil","latitude":-16.15290729665155,"longitude":-69.05378363850912,"polygon_id":"poly_1790854340810","sample_id":"sample_366","source":"polygon_grid"}},{"type":"Feature","geometry":{"type":"Point","coordinates":[-69.05284827013321,-16.152907530645997]},"id":"367","properties":{"class":5,"class_name":"soil","latitude":-16.152907530645997,"longitude":-69.05284827013321,"polygon_id":"poly_1790854340810","sample_id":"sample_367","source":"polygon_grid"}},{"type":"Feature","geometry":{"type":"Point","coordinates":[-69.05191290352623,-16.152907760592107]},"id":"368","properties":{"class":5,"class_name":"soil","latitude":-16.152907760592107,"longitude":-69.05191290352623,"polygon_id":"poly_1790854340810","sample_id":"sample_368","source":"polygon_grid"}},{"type":"Feature","geometry":{"type":"Point","coordinates":[-69.05097753574654,-16.15290798659683]},"id":"369","properties":{"class":5,"class_name":"soil","latitude":-16.15290798659683,"longitude":-69.05097753574654,"polygon_id":"poly_1790854340810","sample_id":"sample_369","source":"polygon_grid"}},{"type":"Feature","geometry":{"type":"Point","coordinates":[-69.05658948292769,-16.152002542317245]},"id":"370","properties":{"class":5,"class_name":"soil","latitude":-16.152002542317245,"longitude":-69.05658948292769,"polygon_id":"poly_1790854340810","sample_id":"sample_370","source":"polygon_grid"}},{"type":"Feature","geometry":{"type":"Point","coordinates":[-69.05565412003826,-16.152002788673222]},"id":"371","properties":{"class":5,"class_name":"soil","latitude":-16.152002788673222,"longitude":-69.05565412003826,"polygon_id":"poly_1790854340810","sample_id":"sample_371","source":"polygon_grid"}},{"type":"Feature","geometry":{"type":"Point","coordinates":[-69.05471875640143,-16.152003030905696]},"id":"372","properties":{"class":5,"class_name":"soil","latitude":-16.152003030905696,"longitude":-69.05471875640143,"polygon_id":"poly_1790854340810","sample_id":"sample_372","source":"polygon_grid"}},{"type":"Feature","geometry":{"type":"Point","coordinates":[-69.05378339376323,-16.1520032686036]},"id":"373","properties":{"class":5,"class_name":"soil","latitude":-16.1520032686036,"longitude":-69.05378339376323,"polygon_id":"poly_1790854340810","sample_id":"sample_373","source":"polygon_grid"}},{"type":"Feature","geometry":{"type":"Point","coordinates":[-69.05284803047047,-16.15200350253428]},"id":"374","properties":{"class":5,"class_name":"soil","latitude":-16.15200350253428,"longitude":-69.05284803047047,"polygon_id":"poly_1790854340810","sample_id":"sample_374","source":"polygon_grid"}},{"type":"Feature","geometry":{"type":"Point","coordinates":[-69.05191266769017,-16.15200373269624]},"id":"375","properties":{"class":5,"class_name":"soil","latitude":-16.15200373269624,"longitude":-69.05191266769017,"polygon_id":"poly_1790854340810","sample_id":"sample_375","source":"polygon_grid"}},{"type":"Feature","geometry":{"type":"Point","coordinates":[-69.05097730444845,-16.152003958463116]},"id":"376","properties":{"class":5,"class_name":"soil","latitude":-16.152003958463116,"longitude":-69.05097730444845,"polygon_id":"poly_1790854340810","sample_id":"sample_376","source":"polygon_grid"}},{"type":"Feature","geometry":{"type":"Point","coordinates":[-69.05004194129293,-16.15200418054548]},"id":"377","properties":{"class":5,"class_name":"soil","latitude":-16.15200418054548,"longitude":-69.05004194129293,"polygon_id":"poly_1790854340810","sample_id":"sample_377","source":"polygon_grid"}},{"type":"Feature","geometry":{"type":"Point","coordinates":[-69.05658922579374,-16.15109851427167]},"id":"378","properties":{"class":5,"class_name":"soil","latitude":-16.15109851427167,"longitude":-69.05658922579374,"polygon_id":"poly_1790854340810","sample_id":"sample_378","source":"polygon_grid"}},{"type":"Feature","geometry":{"type":"Point","coordinates":[-69.05565386711726,-16.15109876026379]},"id":"379","properties":{"class":5,"class_name":"soil","latitude":-16.15109876026379,"longitude":-69.05565386711726,"polygon_id":"poly_1790854340810","sample_id":"sample_379","source":"polygon_grid"}},{"type":"Feature","geometry":{"type":"Point","coordinates":[-69.05471850814115,-16.151099002529826]},"id":"380","properties":{"class":5,"class_name":"soil","latitude":-16.151099002529826,"longitude":-69.05471850814115,"polygon_id":"poly_1790854340810","sample_id":"sample_380","source":"polygon_grid"}},{"type":"Feature","geometry":{"type":"Point","coordinates":[-69.05378314896589,-16.151099240764122]},"id":"381","properties":{"class":5,"class_name":"soil","latitude":-16.151099240764122,"longitude":-69.05378314896589,"polygon_id":"poly_1790854340810","sample_id":"sample_381","source":"polygon_grid"}},{"type":"Feature","geometry":{"type":"Point","coordinates":[-69.05284779100344,-16.151099474838638]},"id":"382","properties":{"class":5,"class_name":"soil","latitude":-16.151099474838638,"longitude":-69.05284779100344,"polygon_id":"poly_1790854340810","sample_id":"sample_382","source":"polygon_grid"}},{"type":"Feature","geometry":{"type":"Point","coordinates":[-69.05191243172347,-16.15109970479102]},"id":"383","properties":{"class":5,"class_name":"soil","latitude":-16.15109970479102,"longitude":-69.05191243172347,"polygon_id":"poly_1790854340810","sample_id":"sample_383","source":"polygon_grid"}},{"type":"Feature","geometry":{"type":"Point","coordinates":[-69.05097707295108,-16.151099930425637]},"id":"384","properties":{"class":5,"class_name":"soil","latitude":-16.151099930425637,"longitude":-69.05097707295108,"polygon_id":"poly_1790854340810","sample_id":"sample_384","source":"polygon_grid"}},{"type":"Feature","geometry":{"type":"Point","coordinates":[-69.05004171426542,-16.151100151957497]},"id":"385","properties":{"class":5,"class_name":"soil","latitude":-16.151100151957497,"longitude":-69.05004171426542,"polygon_id":"poly_1790854340810","sample_id":"sample_385","source":"polygon_grid"}},{"type":"Feature","geometry":{"type":"Point","coordinates":[-69.05752432363894,-16.150194235646115]},"id":"386","properties":{"class":5,"class_name":"soil","latitude":-16.150194235646115,"longitude":-69.05752432363894,"polygon_id":"poly_1790854340810","sample_id":"sample_386","source":"polygon_grid"}},{"type":"Feature","geometry":{"type":"Point","coordinates":[-69.05658896885731,-16.150194485928214]},"id":"387","properties":{"class":5,"class_name":"soil","latitude":-16.150194485928214,"longitude":-69.05658896885731,"polygon_id":"poly_1790854340810","sample_id":"sample_387","source":"polygon_grid"}},{"type":"Feature","geometry":{"type":"Point","coordinates":[-69.05565361392073,-16.150194732149853]},"id":"388","properties":{"class":5,"class_name":"soil","latitude":-16.150194732149853,"longitude":-69.05565361392073,"polygon_id":"poly_1790854340810","sample_id":"sample_388","source":"polygon_grid"}},{"type":"Feature","geometry":{"type":"Point","coordinates":[-69.05471826002746,-16.150194974199824]},"id":"389","properties":{"class":5,"class_name":"soil","latitude":-16.150194974199824,"longitude":-69.05471826002746,"polygon_id":"poly_1790854340810","sample_id":"sample_389","source":"polygon_grid"}},{"type":"Feature","geometry":{"type":"Point","coordinates":[-69.05378290492602,-16.15019521270301]},"id":"390","properties":{"class":5,"class_name":"soil","latitude":-16.15019521270301,"longitude":-69.05378290492602,"polygon_id":"poly_1790854340810","sample_id":"sample_390","source":"polygon_grid"}},{"type":"Feature","geometry":{"type":"Point","coordinates":[-69.05284755082101,-16.150195446616824]},"id":"391","properties":{"class":5,"class_name":"soil","latitude":-16.150195446616824,"longitude":-69.05284755082101,"polygon_id":"poly_1790854340810","sample_id":"sample_391","source":"polygon_grid"}},{"type":"Feature","geometry":{"type":"Point","coordinates":[-69.051912195931,-16.15019567620664]},"id":"392","properties":{"class":5,"class_name":"soil","latitude":-16.15019567620664,"longitude":-69.051912195931,"polygon_id":"poly_1790854340810","sample_id":"sample_392","source":"polygon_grid"}},{"type":"Feature","geometry":{"type":"Point","coordinates":[-69.05097684147442,-16.15019590210476]},"id":"393","properties":{"class":5,"class_name":"soil","latitude":-16.15019590210476,"longitude":-69.05097684147442,"polygon_id":"poly_1790854340810","sample_id":"sample_393","source":"polygon_grid"}},{"type":"Feature","geometry":{"type":"Point","coordinates":[-69.0500414869445,-16.150196123872686]},"id":"394","properties":{"class":5,"class_name":"soil","latitude":-16.150196123872686,"longitude":-69.0500414869445,"polygon_id":"poly_1790854340810","sample_id":"sample_394","source":"polygon_grid"}},{"type":"Feature","geometry":{"type":"Point","coordinates":[-69.05845941249588,-16.14928995289919]},"id":"395","properties":{"class":5,"class_name":"soil","latitude":-16.14928995289919,"longitude":-69.05845941249588,"polygon_id":"poly_1790854340810","sample_id":"sample_395","source":"polygon_grid"}},{"type":"Feature","geometry":{"type":"Point","coordinates":[-69.05752406220606,-16.14929020731757]},"id":"396","properties":{"class":5,"class_name":"soil","latitude":-16.14929020731757,"longitude":-69.05752406220606,"polygon_id":"poly_1790854340810","sample_id":"sample_396","source":"polygon_grid"}},{"type":"Feature","geometry":{"type":"Point","coordinates":[-69.05658871202414,-16.14929045774411]},"id":"397","properties":{"class":5,"class_name":"soil","latitude":-16.14929045774411,"longitude":-69.05658871202414,"polygon_id":"poly_1790854340810","sample_id":"sample_397","source":"polygon_grid"}},{"type":"Feature","geometry":{"type":"Point","coordinates":[-69.0556533613391,-16.149290704361785]},"id":"398","properties":{"class":5,"class_name":"soil","latitude":-16.149290704361785,"longitude":-69.0556533613391,"polygon_id":"poly_1790854340810","sample_id":"sample_398","source":"polygon_grid"}},{"type":"Feature","geometry":{"type":"Point","coordinates":[-69.05471801140217,-16.14929094666698]},"id":"399","properties":{"class":5,"class_name":"soil","latitude":-16.14929094666698,"longitude":-69.05471801140217,"polygon_id":"poly_1790854340810","sample_id":"sample_399","source":"polygon_grid"}},{"type":"Feature","geometry":{"type":"Point","coordinates":[-69.05378266104722,-16.149291184508453]},"id":"400","properties":{"class":5,"class_name":"soil","latitude":-16.149291184508453,"longitude":-69.05378266104722,"polygon_id":"poly_1790854340810","sample_id":"sample_400","source":"polygon_grid"}},{"type":"Feature","geometry":{"type":"Point","coordinates":[-69.05284731049342,-16.149291418541452]},"id":"401","properties":{"class":5,"class_name":"soil","latitude":-16.149291418541452,"longitude":-69.05284731049342,"polygon_id":"poly_1790854340810","sample_id":"sample_401","source":"polygon_grid"}},{"type":"Feature","geometry":{"type":"Point","coordinates":[-69.05191196052331,-16.1492916486661]},"id":"402","properties":{"class":5,"class_name":"soil","latitude":-16.1492916486661,"longitude":-69.05191196052331,"polygon_id":"poly_1790854340810","sample_id":"sample_402","source":"polygon_grid"}},{"type":"Feature","geometry":{"type":"Point","coordinates":[-69.05097660967604,-16.149291874305693]},"id":"403","properties":{"class":5,"class_name":"soil","latitude":-16.149291874305693,"longitude":-69.05097660967604,"polygon_id":"poly_1790854340810","sample_id":"sample_403","source":"polygon_grid"}},{"type":"Feature","geometry":{"type":"Point","coordinates":[-69.0631358770982,-16.148384590711586]},"id":"404","properties":{"class":5,"class_name":"soil","latitude":-16.148384590711586,"longitude":-69.0631358770982,"polygon_id":"poly_1790854340810","sample_id":"sample_404","source":"polygon_grid"}},{"type":"Feature","geometry":{"type":"Point","coordinates":[-69.0593944934268,-16.14838566620065]},"id":"405","properties":{"class":5,"class_name":"soil","latitude":-16.14838566620065,"longitude":-69.0593944934268,"polygon_id":"poly_1790854340810","sample_id":"sample_405","source":"polygon_grid"}},{"type":"Feature","geometry":{"type":"Point","coordinates":[-69.05845914688219,-16.148385924796123]},"id":"406","properties":{"class":5,"class_name":"soil","latitude":-16.148385924796123,"longitude":-69.05845914688219,"polygon_id":"poly_1790854340810","sample_id":"sample_406","source":"polygon_grid"}},{"type":"Feature","geometry":{"type":"Point","coordinates":[-69.05752380090628,-16.148386179088224]},"id":"407","properties":{"class":5,"class_name":"soil","latitude":-16.148386179088224,"longitude":-69.05752380090628,"polygon_id":"poly_1790854340810","sample_id":"sample_407","source":"polygon_grid"}},{"type":"Feature","geometry":{"type":"Point","coordinates":[-69.05658845528724,-16.148386429528102]},"id":"408","properties":{"class":5,"class_name":"soil","latitude":-16.148386429528102,"longitude":-69.05658845528724,"polygon_id":"poly_1790854340810","sample_id":"sample_408","source":"polygon_grid"}},{"type":"Feature","geometry":{"type":"Point","coordinates":[-69.0556531088012,-16.14838667582363]},"id":"409","properties":{"class":5,"class_name":"soil","latitude":-16.14838667582363,"longitude":-69.0556531088012,"polygon_id":"poly_1790854340810","sample_id":"sample_409","source":"polygon_grid"}},{"type":"Feature","geometry":{"type":"Point","coordinates":[-69.05471776293822,-16.148386918010978]},"id":"410","properties":{"class":5,"class_name":"soil","latitude":-16.148386918010978,"longitude":-69.05471776293822,"polygon_id":"poly_1790854340810","sample_id":"sample_410","source":"polygon_grid"}},{"type":"Feature","geometry":{"type":"Point","coordinates":[-69.0537824171397,-16.14838715617972]},"id":"411","properties":{"class":5,"class_name":"soil","latitude":-16.14838715617972,"longitude":-69.0537824171397,"polygon_id":"poly_1790854340810","sample_id":"sample_411","source":"polygon_grid"}},{"type":"Feature","geometry":{"type":"Point","coordinates":[-69.05284707066079,-16.148387390078785]},"id":"412","properties":{"class":5,"class_name":"soil","latitude":-16.148387390078785,"longitude":-69.05284707066079,"polygon_id":"poly_1790854340810","sample_id":"sample_412","source":"polygon_grid"}},{"type":"Feature","geometry":{"type":"Point","coordinates":[-69.05191172476583,-16.14838761975145]},"id":"413","properties":{"class":5,"class_name":"soil","latitude":-16.14838761975145,"longitude":-69.05191172476583,"polygon_id":"poly_1790854340810","sample_id":"sample_413","source":"polygon_grid"}},{"type":"Feature","geometry":{"type":"Point","coordinates":[-69.06407093179716,-16.147480283839705]},"id":"414","properties":{"class":5,"class_name":"soil","latitude":-16.147480283839705,"longitude":-69.06407093179716,"polygon_id":"poly_1790854340810","sample_id":"sample_414","source":"polygon_grid"}},{"type":"Feature","geometry":{"type":"Point","coordinates":[-69.06313559020471,-16.147480562563942]},"id":"415","properties":{"class":5,"class_name":"soil","latitude":-16.147480562563942,"longitude":-69.06313559020471,"polygon_id":"poly_1790854340810","sample_id":"sample_415","source":"polygon_grid"}},{"type":"Feature","geometry":{"type":"Point","coordinates":[-69.06220024829652,-16.147480837331024]},"id":"416","properties":{"class":5,"class_name":"soil","latitude":-16.147480837331024,"longitude":-69.06220024829652,"polygon_id":"poly_1790854340810","sample_id":"sample_416","source":"polygon_grid"}},{"type":"Feature","geometry":{"type":"Point","coordinates":[-69.06032956491676,-16.147481375190804]},"id":"417","properties":{"class":5,"class_name":"soil","latitude":-16.147481375190804,"longitude":-69.06032956491676,"polygon_id":"poly_1790854340810","sample_id":"sample_417","source":"polygon_grid"}},{"type":"Feature","geometry":{"type":"Point","coordinates":[-69.059394224024,-16.147481637824907]},"id":"418","properties":{"class":5,"class_name":"soil","latitude":-16.147481637824907,"longitude":-69.059394224024,"polygon_id":"poly_1790854340810","sample_id":"sample_418","source":"polygon_grid"}},{"type":"Feature","geometry":{"type":"Point","coordinates":[-69.05845888158319,-16.14748189635729]},"id":"419","properties":{"class":5,"class_name":"soil","latitude":-16.14748189635729,"longitude":-69.05845888158319,"polygon_id":"poly_1790854340810","sample_id":"sample_419","source":"polygon_grid"}},{"type":"Feature","geometry":{"type":"Point","coordinates":[-69.05752353973352,-16.14748215113538]},"id":"420","properties":{"class":5,"class_name":"soil","latitude":-16.14748215113538,"longitude":-69.05752353973352,"polygon_id":"poly_1790854340810","sample_id":"sample_420","source":"polygon_grid"}},{"type":"Feature","geometry":{"type":"Point","coordinates":[-69.05658819821723,-16.147482401304067]},"id":"421","properties":{"class":5,"class_name":"soil","latitude":-16.147482401304067,"longitude":-69.05658819821723,"polygon_id":"poly_1790854340810","sample_id":"sample_421","source":"polygon_grid"}},{"type":"Feature","geometry":{"type":"Point","coordinates":[-69.05565285612529,-16.147482647411913]},"id":"422","properties":{"class":5,"class_name":"soil","latitude":-16.147482647411913,"longitude":-69.05565285612529,"polygon_id":"poly_1790854340810","sample_id":"sample_422","source":"polygon_grid"}},{"type":"Feature","geometry":{"type":"Point","coordinates":[-69.05471751470293,-16.147482889744477]},"id":"423","properties":{"class":5,"class_name":"soil","latitude":-16.147482889744477,"longitude":-69.05471751470293,"polygon_id":"poly_1790854340810","sample_id":"sample_423","source":"polygon_grid"}},{"type":"Feature","geometry":{"type":"Point","coordinates":[-69.0537821722553,-16.147483127620067]},"id":"424","properties":{"class":5,"class_name":"soil","latitude":-16.147483127620067,"longitude":-69.0537821722553,"polygon_id":"poly_1790854340810","sample_id":"sample_424","source":"polygon_grid"}},{"type":"Feature","geometry":{"type":"Point","coordinates":[-69.05284683114073,-16.147483361767996]},"id":"425","properties":{"class":5,"class_name":"soil","latitude":-16.147483361767996,"longitude":-69.05284683114073,"polygon_id":"poly_1790854340810","sample_id":"sample_425","source":"polygon_grid"}},{"type":"Feature","geometry":{"type":"Point","coordinates":[-69.06407064146973,-16.146576255236038]},"id":"426","properties":{"class":5,"class_name":"soil","latitude":-16.146576255236038,"longitude":-69.06407064146973,"polygon_id":"poly_1790854340810","sample_id":"sample_426","source":"polygon_grid"}},{"type":"Feature","geometry":{"type":"Point","coordinates":[-69.0631353032134,-16.146576534473105]},"id":"427","properties":{"class":5,"class_name":"soil","latitude":-16.146576534473105,"longitude":-69.0631353032134,"polygon_id":"poly_1790854340810","sample_id":"sample_427","source":"polygon_grid"}},{"type":"Feature","geometry":{"type":"Point","coordinates":[-69.06219996607172,-16.14657680948902]},"id":"428","properties":{"class":5,"class_name":"soil","latitude":-16.14657680948902,"longitude":-69.06219996607172,"polygon_id":"poly_1790854340810","sample_id":"sample_428","source":"polygon_grid"}},{"type":"Feature","geometry":{"type":"Point","coordinates":[-69.06126462860043,-16.14657708039713]},"id":"429","properties":{"class":5,"class_name":"soil","latitude":-16.14657708039713,"longitude":-69.06126462860043,"polygon_id":"poly_1790854340810","sample_id":"sample_429","source":"polygon_grid"}},{"type":"Feature","geometry":{"type":"Point","coordinates":[-69.06032929113861,-16.146577347203063]},"id":"430","properties":{"class":5,"class_name":"soil","latitude":-16.146577347203063,"longitude":-69.06032929113861,"polygon_id":"poly_1790854340810","sample_id":"sample_430","source":"polygon_grid"}},{"type":"Feature","geometry":{"type":"Point","coordinates":[-69.05939395377266,-16.146577609850745]},"id":"431","properties":{"class":5,"class_name":"soil","latitude":-16.146577609850745,"longitude":-69.05939395377266,"polygon_id":"poly_1790854340810","sample_id":"sample_431","source":"polygon_grid"}},{"type":"Feature","geometry":{"type":"Point","coordinates":[-69.05845861618661,-16.146577868285963]},"id":"432","properties":{"class":5,"class_name":"soil","latitude":-16.146577868285963,"longitude":-69.05845861618661,"polygon_id":"poly_1790854340810","sample_id":"sample_432","source":"polygon_grid"}},{"type":"Feature","geometry":{"type":"Point","coordinates":[-69.05752327855288,-16.146578122415498]},"id":"433","properties":{"class":5,"class_name":"soil","latitude":-16.146578122415498,"longitude":-69.05752327855288,"polygon_id":"poly_1790854340810","sample_id":"sample_433","source":"polygon_grid"}},{"type":"Feature","geometry":{"type":"Point","coordinates":[-69.05658794132415,-16.14657837295604]},"id":"434","properties":{"class":5,"class_name":"soil","latitude":-16.14657837295604,"longitude":-69.05658794132415,"polygon_id":"poly_1790854340810","sample_id":"sample_434","source":"polygon_grid"}},{"type":"Feature","geometry":{"type":"Point","coordinates":[-69.05565260338592,-16.146578619299856]},"id":"435","properties":{"class":5,"class_name":"soil","latitude":-16.146578619299856,"longitude":-69.05565260338592,"polygon_id":"poly_1790854340810","sample_id":"sample_435","source":"polygon_grid"}},{"type":"Feature","geometry":{"type":"Point","coordinates":[-69.05471726626337,-16.146578861172582]},"id":"436","properties":{"class":5,"class_name":"soil","latitude":-16.146578861172582,"longitude":-69.05471726626337,"polygon_id":"poly_1790854340810","sample_id":"sample_436","source":"polygon_grid"}},{"type":"Feature","geometry":{"type":"Point","coordinates":[-69.05378192815076,-16.14657909942984]},"id":"437","properties":{"class":5,"class_name":"soil","latitude":-16.14657909942984,"longitude":-69.05378192815076,"polygon_id":"poly_1790854340810","sample_id":"sample_437","source":"polygon_grid"}},{"type":"Feature","geometry":{"type":"Point","coordinates":[-69.06500568331496,-16.145671943582574]},"id":"438","properties":{"class":5,"class_name":"soil","latitude":-16.145671943582574,"longitude":-69.06500568331496,"polygon_id":"poly_1790854340810","sample_id":"sample_438","source":"polygon_grid"}},{"type":"Feature","geometry":{"type":"Point","coordinates":[-69.06407035003286,-16.145672226642436]},"id":"439","properties":{"class":5,"class_name":"soil","latitude":-16.145672226642436,"longitude":-69.06407035003286,"polygon_id":"poly_1790854340810","sample_id":"sample_439","source":"polygon_grid"}},{"type":"Feature","geometry":{"type":"Point","coordinates":[-69.0631350168175,-16.14567250561458]},"id":"440","properties":{"class":5,"class_name":"soil","latitude":-16.14567250561458,"longitude":-69.0631350168175,"polygon_id":"poly_1790854340810","sample_id":"sample_440","source":"polygon_grid"}},{"type":"Feature","geometry":{"type":"Point","coordinates":[-69.06219968366977,-16.145672780714413]},"id":"441","properties":{"class":5,"class_name":"soil","latitude":-16.145672780714413,"longitude":-69.06219968366977,"polygon_id":"poly_1790854340810","sample_id":"sample_441","source":"polygon_grid"}},{"type":"Feature","geometry":{"type":"Point","coordinates":[-69.06126435065717,-16.14567305167618]},"id":"442","properties":{"class":5,"class_name":"soil","latitude":-16.14567305167618,"longitude":-69.06126435065717,"polygon_id":"poly_1790854340810","sample_id":"sample_442","source":"polygon_grid"}},{"type":"Feature","geometry":{"type":"Point","coordinates":[-69.06032901697088,-16.14567331828596]},"id":"443","properties":{"class":5,"class_name":"soil","latitude":-16.14567331828596,"longitude":-69.06032901697088,"polygon_id":"poly_1790854340810","sample_id":"sample_443","source":"polygon_grid"}},{"type":"Feature","geometry":{"type":"Point","coordinates":[-69.05939368425253,-16.14567358077972]},"id":"444","properties":{"class":5,"class_name":"soil","latitude":-16.14567358077972,"longitude":-69.05939368425253,"polygon_id":"poly_1790854340810","sample_id":"sample_444","source":"polygon_grid"}},{"type":"Feature","geometry":{"type":"Point","coordinates":[-69.05845835096605,-16.145673839712295]},"id":"445","properties":{"class":5,"class_name":"soil","latitude":-16.145673839712295,"longitude":-69.05845835096605,"polygon_id":"poly_1790854340810","sample_id":"sample_445","source":"polygon_grid"}},{"type":"Feature","geometry":{"type":"Point","coordinates":[-69.0575230173468,-16.145674094572094]},"id":"446","properties":{"class":5,"class_name":"soil","latitude":-16.145674094572094,"longitude":-69.0575230173468,"polygon_id":"poly_1790854340810","sample_id":"sample_446","source":"polygon_grid"}},{"type":"Feature","geometry":{"type":"Point","coordinates":[-69.05658768453432,-16.14567434475366]},"id":"447","properties":{"class":5,"class_name":"soil","latitude":-16.14567434475366,"longitude":-69.05658768453432,"polygon_id":"poly_1790854340810","sample_id":"sample_447","source":"polygon_grid"}},{"type":"Feature","geometry":{"type":"Point","coordinates":[-69.05565235061103,-16.145674590866264]},"id":"448","properties":{"class":5,"class_name":"soil","latitude":-16.145674590866264,"longitude":-69.05565235061103,"polygon_id":"poly_1790854340810","sample_id":"sample_448","source":"polygon_grid"}},{"type":"Feature","geometry":{"type":"Point","coordinates":[-69.05471701773669,-16.145674833022696]},"id":"449","properties":{"class":5,"class_name":"soil","latitude":-16.145674833022696,"longitude":-69.05471701773669,"polygon_id":"poly_1790854340810","sample_id":"sample_449","source":"polygon_grid"}},{"type":"Feature","geometry":{"type":"Point","coordinates":[-69.05378168440417,-16.14567507109857]},"id":"450","properties":{"class":5,"class_name":"soil","latitude":-16.14567507109857,"longitude":-69.05378168440417,"polygon_id":"poly_1790854340810","sample_id":"sample_450","source":"polygon_grid"}},{"type":"Feature","geometry":{"type":"Point","coordinates":[-69.06594071686139,-16.144767628166967]},"id":"451","properties":{"class":5,"class_name":"soil","latitude":-16.144767628166967,"longitude":-69.06594071686139,"polygon_id":"poly_1790854340810","sample_id":"sample_451","source":"polygon_grid"}},{"type":"Feature","geometry":{"type":"Point","coordinates":[-69.06500538811707,-16.144767915293194]},"id":"452","properties":{"class":5,"class_name":"soil","latitude":-16.144767915293194,"longitude":-69.06500538811707,"polygon_id":"poly_1790854340810","sample_id":"sample_452","source":"polygon_grid"}},{"type":"Feature","geometry":{"type":"Point","coordinates":[-69.06407005922615,-16.14476819848372]},"id":"453","properties":{"class":5,"class_name":"soil","latitude":-16.14476819848372,"longitude":-69.06407005922615,"polygon_id":"poly_1790854340810","sample_id":"sample_453","source":"polygon_grid"}},{"type":"Feature","geometry":{"type":"Point","coordinates":[-69.06313473022445,-16.144768477662364]},"id":"454","properties":{"class":5,"class_name":"soil","latitude":-16.144768477662364,"longitude":-69.06313473022445,"polygon_id":"poly_1790854340810","sample_id":"sample_454","source":"polygon_grid"}},{"type":"Feature","geometry":{"type":"Point","coordinates":[-69.06219940139671,-16.14476875254568]},"id":"455","properties":{"class":5,"class_name":"soil","latitude":-16.14476875254568,"longitude":-69.06219940139671,"polygon_id":"poly_1790854340810","sample_id":"sample_455","source":"polygon_grid"}},{"type":"Feature","geometry":{"type":"Point","coordinates":[-69.06126407245594,-16.144769023264267]},"id":"456","properties":{"class":5,"class_name":"soil","latitude":-16.144769023264267,"longitude":-69.06126407245594,"polygon_id":"poly_1790854340810","sample_id":"sample_456","source":"polygon_grid"}},{"type":"Feature","geometry":{"type":"Point","coordinates":[-69.0603287431623,-16.14476929010156]},"id":"457","properties":{"class":5,"class_name":"soil","latitude":-16.14476929010156,"longitude":-69.0603287431623,"polygon_id":"poly_1790854340810","sample_id":"sample_457","source":"polygon_grid"}},{"type":"Feature","geometry":{"type":"Point","coordinates":[-69.05939341455566,-16.14476955285879]},"id":"458","properties":{"class":5,"class_name":"soil","latitude":-16.14476955285879,"longitude":-69.05939341455566,"polygon_id":"poly_1790854340810","sample_id":"sample_458","source":"polygon_grid"}},{"type":"Feature","geometry":{"type":"Point","coordinates":[-69.05845808578276,-16.144769811097465]},"id":"459","properties":{"class":5,"class_name":"soil","latitude":-16.144769811097465,"longitude":-69.05845808578276,"polygon_id":"poly_1790854340810","sample_id":"sample_459","source":"polygon_grid"}},{"type":"Feature","geometry":{"type":"Point","coordinates":[-69.05752275639288,-16.14477006544178]},"id":"460","properties":{"class":5,"class_name":"soil","latitude":-16.14477006544178,"longitude":-69.05752275639288,"polygon_id":"poly_1790854340810","sample_id":"sample_460","source":"polygon_grid"}},{"type":"Feature","geometry":{"type":"Point","coordinates":[-69.05658742726483,-16.14477031570488]},"id":"461","properties":{"class":5,"class_name":"soil","latitude":-16.14477031570488,"longitude":-69.05658742726483,"polygon_id":"poly_1790854340810","sample_id":"sample_461","source":"polygon_grid"}},{"type":"Feature","geometry":{"type":"Point","coordinates":[-69.06687574242417,-16.143863308311534]},"id":"462","properties":{"class":5,"class_name":"soil","latitude":-16.143863308311534,"longitude":-69.06687574242417,"polygon_id":"poly_1790854340810","sample_id":"sample_462","source":"polygon_grid"}},{"type":"Feature","geometry":{"type":"Point","coordinates":[-69.06594041777224,-16.143863599665387]},"id":"463","properties":{"class":5,"class_name":"soil","latitude":-16.143863599665387,"longitude":-69.06594041777224,"polygon_id":"poly_1790854340810","sample_id":"sample_463","source":"polygon_grid"}},{"type":"Feature","geometry":{"type":"Point","coordinates":[-69.06500509290996,-16.14386388711815]},"id":"464","properties":{"class":5,"class_name":"soil","latitude":-16.14386388711815,"longitude":-69.06500509290996,"polygon_id":"poly_1790854340810","sample_id":"sample_464","source":"polygon_grid"}},{"type":"Feature","geometry":{"type":"Point","coordinates":[-69.06406976850688,-16.14386417018358]},"id":"465","properties":{"class":5,"class_name":"soil","latitude":-16.14386417018358,"longitude":-69.06406976850688,"polygon_id":"poly_1790854340810","sample_id":"sample_465","source":"polygon_grid"}},{"type":"Feature","geometry":{"type":"Point","coordinates":[-69.06313444381736,-16.143864449348822]},"id":"466","properties":{"class":5,"class_name":"soil","latitude":-16.143864449348822,"longitude":-69.06313444381736,"polygon_id":"poly_1790854340810","sample_id":"sample_466","source":"polygon_grid"}},{"type":"Feature","geometry":{"type":"Point","coordinates":[-69.06219911872708,-16.143864724180887]},"id":"467","properties":{"class":5,"class_name":"soil","latitude":-16.143864724180887,"longitude":-69.06219911872708,"polygon_id":"poly_1790854340810","sample_id":"sample_467","source":"polygon_grid"}},{"type":"Feature","geometry":{"type":"Point","coordinates":[-69.06126379426676,-16.143864994709652]},"id":"468","properties":{"class":5,"class_name":"soil","latitude":-16.143864994709652,"longitude":-69.06126379426676,"polygon_id":"poly_1790854340810","sample_id":"sample_468","source":"polygon_grid"}},{"type":"Feature","geometry":{"type":"Point","coordinates":[-69.06687543856272,-16.142959279705117]},"id":"469","properties":{"class":5,"class_name":"soil","latitude":-16.142959279705117,"longitude":-69.06687543856272,"polygon_id":"poly_1790854340810","sample_id":"sample_469","source":"polygon_grid"}},{"type":"Feature","geometry":{"type":"Point","coordinates":[-69.08372718095275,-16.18092245101502]},"id":"470","properties":{"class":5,"class_name":"soil","latitude":-16.18092245101502,"longitude":-69.08372718095275,"polygon_id":"poly_1790854349488","sample_id":"sample_470","source":"polygon_grid"}},{"type":"Feature","geometry":{"type":"Point","coordinates":[-69.08279168259881,-16.180922817083967]},"id":"471","properties":{"class":5,"class_name":"soil","latitude":-16.180922817083967,"longitude":-69.08279168259881,"polygon_id":"poly_1790854349488","sample_id":"sample_471","source":"polygon_grid"}},{"type":"Feature","geometry":{"type":"Point","coordinates":[-69.08466229434462,-16.180018055811647]},"id":"472","properties":{"class":5,"class_name":"soil","latitude":-16.180018055811647,"longitude":-69.08466229434462,"polygon_id":"poly_1790854349488","sample_id":"sample_472","source":"polygon_grid"}},{"type":"Feature","geometry":{"type":"Point","coordinates":[-69.08372679997429,-16.18001842558731]},"id":"473","properties":{"class":5,"class_name":"soil","latitude":-16.18001842558731,"longitude":-69.08372679997429,"polygon_id":"poly_1790854349488","sample_id":"sample_473","source":"polygon_grid"}},{"type":"Feature","geometry":{"type":"Point","coordinates":[-69.08279130611349,-16.180018791838112]},"id":"474","properties":{"class":5,"class_name":"soil","latitude":-16.180018791838112,"longitude":-69.08279130611349,"polygon_id":"poly_1790854349488","sample_id":"sample_474","source":"polygon_grid"}},{"type":"Feature","geometry":{"type":"Point","coordinates":[-69.08185581087764,-16.18001915375528]},"id":"475","properties":{"class":5,"class_name":"soil","latitude":-16.18001915375528,"longitude":-69.08185581087764,"polygon_id":"poly_1790854349488","sample_id":"sample_475","source":"polygon_grid"}},{"type":"Feature","geometry":{"type":"Point","coordinates":[-69.0855973988043,-16.179113656334618]},"id":"476","properties":{"class":5,"class_name":"soil","latitude":-16.179113656334618,"longitude":-69.0855973988043,"polygon_id":"poly_1790854349488","sample_id":"sample_476","source":"polygon_grid"}},{"type":"Feature","geometry":{"type":"Point","coordinates":[-69.08466190892662,-16.17911403082304]},"id":"477","properties":{"class":5,"class_name":"soil","latitude":-16.17911403082304,"longitude":-69.08466190892662,"polygon_id":"poly_1790854349488","sample_id":"sample_477","source":"polygon_grid"}},{"type":"Feature","geometry":{"type":"Point","coordinates":[-69.08372641896244,-16.1791144010706]},"id":"478","properties":{"class":5,"class_name":"soil","latitude":-16.1791144010706,"longitude":-69.08372641896244,"polygon_id":"poly_1790854349488","sample_id":"sample_478","source":"polygon_grid"}},{"type":"Feature","geometry":{"type":"Point","coordinates":[-69.08279092974706,-16.179114766728237]},"id":"479","properties":{"class":5,"class_name":"soil","latitude":-16.179114766728237,"longitude":-69.08279092974706,"polygon_id":"poly_1790854349488","sample_id":"sample_479","source":"polygon_grid"}},{"type":"Feature","geometry":{"type":"Point","coordinates":[-69.08653249562877,-16.178209252935268]},"id":"480","properties":{"class":5,"class_name":"soil","latitude":-16.178209252935268,"longitude":-69.08653249562877,"polygon_id":"poly_1790854349488","sample_id":"sample_480","source":"polygon_grid"}},{"type":"Feature","geometry":{"type":"Point","coordinates":[-69.0855970094275,-16.178209630977726]},"id":"481","properties":{"class":5,"class_name":"soil","latitude":-16.178209630977726,"longitude":-69.0855970094275,"polygon_id":"poly_1790854349488","sample_id":"sample_481","source":"polygon_grid"}},{"type":"Feature","geometry":{"type":"Point","coordinates":[-69.08466152394674,-16.178210005206612]},"id":"482","properties":{"class":5,"class_name":"soil","latitude":-16.178210005206612,"longitude":-69.08466152394674,"polygon_id":"poly_1790854349488","sample_id":"sample_482","source":"polygon_grid"}},{"type":"Feature","geometry":{"type":"Point","coordinates":[-69.08372603829369,-16.178210375638447]},"id":"483","properties":{"class":5,"class_name":"soil","latitude":-16.178210375638447,"longitude":-69.08372603829369,"polygon_id":"poly_1790854349488","sample_id":"sample_483","source":"polygon_grid"}},{"type":"Feature","geometry":{"type":"Point","coordinates":[-69.08653210163953,-16.17730522752821]},"id":"484","properties":{"class":5,"class_name":"soil","latitude":-16.17730522752821,"longitude":-69.08653210163953,"polygon_id":"poly_1790854349488","sample_id":"sample_484","source":"polygon_grid"}},{"type":"Feature","geometry":{"type":"Point","coordinates":[-69.08559661982868,-16.177305606052904]},"id":"485","properties":{"class":5,"class_name":"soil","latitude":-16.177305606052904,"longitude":-69.08559661982868,"polygon_id":"poly_1790854349488","sample_id":"sample_485","source":"polygon_grid"}},{"type":"Feature","geometry":{"type":"Point","coordinates":[-69.08466113901308,-16.177305980281776]},"id":"486","properties":{"class":5,"class_name":"soil","latitude":-16.177305980281776,"longitude":-69.08466113901308,"polygon_id":"poly_1790854349488","sample_id":"sample_486","source":"polygon_grid"}},{"type":"Feature","geometry":{"type":"Point","coordinates":[-69.08559623054481,-16.176401580801503]},"id":"487","properties":{"class":5,"class_name":"soil","latitude":-16.176401580801503,"longitude":-69.08559623054481,"polygon_id":"poly_1790854349488","sample_id":"sample_487","source":"polygon_grid"}}]}